Group Type,Group,Seeds Present,Mean N,Mean Positive N,Mean Negative N,FNR Mean,FNR Std,FNR Seeds,FPR Mean,FPR Std,FPR Seeds,Error Rate Mean,Error Rate Std,Error Rate Seeds
Forward-message length,51-100,5,69.8,44.4,25.4,0.14682028067584982,0.05002625078642251,5,0.05139508237334325,0.028261156808146767,5,0.11402794123334825,0.028564369674965128,5
Forward-message length,0-25,5,265.6,22.8,242.8,0.4592052874661571,0.10800737770847409,5,0.05060200127061807,0.023349916065985205,5,0.08633602197172241,0.015066647731915312,5
Forward-message length,26-50,5,111.2,42.6,68.6,0.1421945940238623,0.05414956873267594,5,0.029649030992040377,0.019468770562106916,5,0.07134554144350955,0.019629026097613397,5
Forward-message length,>100,5,41.4,33.8,7.6,0.03771096096096096,0.030921011449160735,5,0.04871794871794872,0.06607230116269294,5,0.03933669382257845,0.020837717464313812,5
Ground-truth state,propagating,5,143.6,143.6,0.0,0.16873842728580796,0.04765913504294298,5,,,0,0.16873842728580796,0.04765913504294298,5
Ground-truth state,exposed,5,96.4,0.0,96.4,,,0,0.14569908138456525,0.05797867988077663,5,0.14569908138456525,0.05797867988077663,5
Ground-truth state,clean,5,248.0,0.0,248.0,,,0,0.008016565178083818,0.0043323980319697475,5,0.008016565178083818,0.0043323980319697475,5
Operational propagation style,Structured partial,5,15.2,15.2,0.0,0.4251756576756577,0.14268297649258802,5,,,0,0.4251756576756577,0.14268297649258802,5
Operational propagation style,Paraphrased / reformulated,5,40.4,40.4,0.0,0.21866348798826332,0.03926638617468927,5,,,0,0.21866348798826332,0.03926638617468927,5
Operational propagation style,Direct / near-verbatim,5,68.6,68.6,0.0,0.1068694649087422,0.05539265320056761,5,,,0,0.1068694649087422,0.05539265320056761,5
Operational propagation style,Summarized,5,19.4,19.4,0.0,0.1048289306601327,0.06185116145890958,5,,,0,0.1048289306601327,0.06185116145890958,5
Payload-score bin,"[0.00,0.25)",5,270.8,109.0,161.8,0.16296557495597797,0.05354134091554669,5,0.06637816771500342,0.029291556229113978,5,0.10607413650137905,0.019176307644160655,5
Payload-score bin,"[0.75,1.00]",5,185.0,31.4,153.6,0.20040653319515797,0.07170656491264907,5,0.03445419217655321,0.018001842937813012,5,0.06073002858394588,0.019611328000881494,5
Payload-score bin,"[0.25,0.50)",5,18.0,1.6,16.4,0.0,0.0,5,0.0125,0.025000000000000005,5,0.01111111111111111,0.02222222222222222,5
Payload-score bin,"[0.50,0.75)",5,14.2,1.6,12.6,0.0,0.0,4,0.0,0.0,5,0.0,0.0,5
agent_name,Edge-Relay-16,5,3.2,3.0,0.2,0.4133333333333334,0.32496153618543844,5,1.0,0.0,1,0.4133333333333334,0.32496153618543844,5
agent_name,CU-Controller-20,3,1.0,0.0,1.0,,,0,0.3333333333333333,0.4714045207910317,3,0.3333333333333333,0.4714045207910317,3
agent_name,Edge-Relay-10,5,4.2,2.4,1.8,0.6466666666666667,0.29333333333333333,5,0.0,0.0,5,0.31333333333333335,0.11075498483890765,5
agent_name,CU-Controller-13,5,4.6,2.6,2.0,0.05,0.08660254037844388,4,0.41666666666666663,0.08333333333333334,4,0.2533333333333333,0.12400716825158849,5
agent_name,Edge-Relay-19,2,1.5,0.0,1.5,,,0,0.25,0.25,2,0.25,0.25,2
agent_name,SOC-Analyst-11,5,4.0,0.8,3.2,0.75,0.4330127018922193,4,0.10666666666666666,0.13727506854649335,5,0.22999999999999998,0.16,5
agent_name,Edge-Relay-4,5,16.6,7.2,9.4,0.31587301587301586,0.18322163848264222,5,0.05454545454545454,0.10909090909090909,5,0.18727443609022557,0.059061681874248324,5
agent_name,Edge-Relay-2,5,24.4,7.2,17.2,0.43269841269841275,0.209397749475759,5,0.03373015873015873,0.02910654098554325,5,0.149540676485648,0.053633308884831796,5
agent_name,CU-Controller-1,5,28.8,3.4,25.4,0.3633333333333333,0.22666666666666663,5,0.11040404040404042,0.08020583661377531,5,0.14945740281224154,0.06004012839937936,5
agent_name,Edge-Relay-6,5,8.6,5.0,3.6,0.21000000000000002,0.21999999999999997,5,0.0,0.0,5,0.14285714285714285,0.1564921592871903,5
agent_name,Edge-Relay-11,5,4.6,4.4,0.2,0.16499999999999998,0.1841195263952197,5,0.0,0.0,1,0.13166666666666665,0.1265350193073487,5
agent_name,CU-Controller-9,5,4.0,2.0,2.0,0.3,0.39999999999999997,5,0.06666666666666667,0.13333333333333333,5,0.12857142857142856,0.11203133672398659,5
agent_name,WG-Sentinel-10,5,4.6,1.2,3.4,0.375,0.414578098794425,4,0.0,0.0,5,0.125,0.19364916731037085,5
agent_name,Edge-Relay-1,5,69.4,14.2,55.2,0.20198135198135198,0.09764996949569185,5,0.0785208041398316,0.02479002317412627,5,0.1007719738969739,0.018268419696984,5
agent_name,CU-Controller-16,5,1.8,0.8,1.0,0.0,0.0,4,0.25,0.4330127018922193,4,0.1,0.2,5
agent_name,WG-Sentinel-6,5,14.6,1.6,13.0,0.625,0.21650635094610965,4,0.026785714285714284,0.03292694449033174,5,0.09799145299145298,0.05220669261449037,5
agent_name,WG-Sentinel-12,5,8.2,0.8,7.4,0.5,0.0,2,0.05299145299145299,0.06629305787919766,5,0.09555555555555555,0.08302907418786402,5
agent_name,SOC-Analyst-3,5,13.8,1.4,12.4,0.75,0.4330127018922193,4,0.0,0.0,5,0.0838095238095238,0.0820707067535639,5
agent_name,WG-Sentinel-15,4,3.0,0.5,2.5,0.5,0.5,2,0.0,0.0,4,0.08333333333333333,0.14433756729740646,4
agent_name,CU-Controller-14,5,8.4,4.8,3.6,0.0,0.0,5,0.18,0.18330302779823363,5,0.0811111111111111,0.08177053107988488,5
agent_name,SOC-Analyst-13,5,4.6,2.6,2.0,0.11666666666666665,0.1452966314513558,5,0.0,0.0,5,0.07857142857142857,0.10202040612204072,5
agent_name,CU-Controller-10,5,3.8,1.0,2.8,0.5,0.408248290463863,3,0.0,0.0,5,0.07333333333333333,0.09043106644167026,5
agent_name,CU-Controller-12,5,4.4,2.8,1.6,0.11666666666666665,0.14529663145135577,5,0.0,0.0,5,0.07333333333333333,0.09043106644167026,5
agent_name,Edge-Relay-15,5,5.8,4.0,1.8,0.0,0.0,5,0.2,0.24494897427831783,5,0.07333333333333333,0.09043106644167026,5
agent_name,SOC-Analyst-8,5,4.0,0.6,3.4,0.0,0.0,2,0.06666666666666667,0.13333333333333333,5,0.06666666666666667,0.13333333333333333,5
agent_name,CU-Controller-4,5,34.6,8.4,26.2,0.11222222222222222,0.10185925898991859,5,0.0455,0.027696770770454647,5,0.062440482952354104,0.0319993151680623,5
agent_name,CU-Controller-3,5,15.6,6.6,9.0,0.15,0.08888888888888889,5,0.0,0.0,5,0.061136249371543494,0.0380594923329665,5
agent_name,Edge-Relay-3,5,27.2,13.6,13.6,0.09461128310973513,0.02922178143357429,5,0.016666666666666666,0.03333333333333333,5,0.055393411845024755,0.025670505316774516,5
agent_name,CU-Controller-7,5,14.6,4.0,10.6,0.21666666666666665,0.19436506316151,5,0.016666666666666666,0.03333333333333333,5,0.0545414673046252,0.030037916299728174,5
agent_name,Edge-Relay-13,5,6.8,6.4,0.4,0.05,0.06123724356957946,5,0.0,0.0,2,0.04722222222222222,0.05800170282728083,5
agent_name,WG-Sentinel-5,5,9.4,1.0,8.4,0.4444444444444444,0.41573970964154905,3,0.0,0.0,5,0.04285714285714286,0.05714285714285714,5
agent_name,CU-Controller-2,5,66.2,8.0,58.2,0.10793650793650793,0.16599258999874758,5,0.02178625760649087,0.02245085199749705,5,0.030577114427860697,0.02006379765491118,5
agent_name,SOC-Analyst-5,5,23.4,0.6,22.8,0.0,0.0,3,0.006896551724137931,0.013793103448275862,5,0.006896551724137931,0.013793103448275862,5
agent_name,CU-Controller-15,5,4.4,2.6,1.8,0.0,0.0,5,0.0,0.0,5,0.0,0.0,5
agent_name,CU-Controller-8,5,6.6,1.2,5.4,0.0,0.0,4,0.0,0.0,5,0.0,0.0,5
agent_name,Edge-Relay-14,5,6.4,6.2,0.2,0.0,0.0,5,0.0,0.0,1,0.0,0.0,5
agent_name,Edge-Relay-7,5,10.8,5.2,5.6,0.0,0.0,5,0.0,0.0,5,0.0,0.0,5
agent_name,Edge-Relay-8,5,2.6,1.8,0.8,0.0,0.0,5,0.0,0.0,3,0.0,0.0,5
agent_name,Edge-Relay-9,5,3.8,2.2,1.6,0.0,0.0,4,0.0,0.0,5,0.0,0.0,5
agent_name,SOC-Analyst-17,5,3.8,1.6,2.2,0.0,0.0,5,0.0,0.0,5,0.0,0.0,5
agent_name,WG-Sentinel-18,3,2.0,0.0,2.0,,,0,0.0,0.0,3,0.0,0.0,3
agent_name,WG-Sentinel-20,2,1.0,0.0,1.0,,,0,0.0,0.0,2,0.0,0.0,2
agent_name,CU-Controller-17,1,1.0,0.0,1.0,,,0,0.0,0.0,1,0.0,0.0,1
content_format,plain_text,5,355.2,131.6,223.6,0.14878029269136941,0.045096957316574114,5,0.06596849494631607,0.0245205541921872,5,0.09696327543631615,0.00878108449179925,5
content_format,json_structured,5,132.8,12.0,120.8,0.41645961881256,0.15680166247831392,5,0.011578613444997327,0.015038615788926086,5,0.04521447524055537,0.015384921578936854,5
incoming_source,CU-Controller-10,4,2.0,0.75,1.25,1.0,0.0,3,0.0,0.0,4,0.375,0.21650635094610965,4
incoming_source,CU-Controller-15,5,4.6,2.6,2.0,0.4133333333333333,0.32496153618543844,5,0.3333333333333333,0.42163702135578396,5,0.34428571428571425,0.274360108958564,5
incoming_source,CU-Controller-9,4,1.5,0.75,0.75,0.75,0.25,2,0.0,0.0,3,0.3333333333333333,0.408248290463863,4
incoming_source,Edge-Relay-9,5,2.8,1.4,1.4,0.3333333333333333,0.23570226039551584,3,0.25,0.4330127018922193,4,0.30666666666666664,0.36902273341594793,5
incoming_source,Edge-Relay-11,5,7.8,3.0,4.8,0.18,0.18330302779823363,5,0.40634920634920635,0.30542256433792236,5,0.3061904761904762,0.12444525428955797,5
incoming_source,Edge-Relay-15,5,4.0,1.8,2.2,0.0,0.0,5,0.5,0.33333333333333337,5,0.2833333333333333,0.19436506316151,5
incoming_source,WG-Sentinel-5,5,3.2,1.0,2.2,0.5555555555555555,0.41573970964154905,3,0.0,0.0,4,0.2571428571428571,0.3875617133214439,5
incoming_source,CU-Controller-20,2,1.5,0.0,1.5,,,0,0.25,0.25,2,0.25,0.25,2
incoming_source,Edge-Relay-2,5,10.6,3.6,7.0,0.62,0.3709447398198282,5,0.02857142857142857,0.05714285714285714,5,0.23881118881118885,0.1254051091095457,5
incoming_source,CU-Controller-14,5,9.2,4.0,5.2,0.2733333333333333,0.22350739485653612,5,0.23047619047619045,0.24514515113441782,5,0.22380952380952382,0.08036199279896757,5
incoming_source,Edge-Relay-14,5,10.6,6.0,4.6,0.16493506493506493,0.183001713805803,5,0.2616666666666666,0.14791138488222527,5,0.222039072039072,0.11265772736148362,5
incoming_source,CU-Controller-3,5,17.4,5.2,12.2,0.42000000000000004,0.23814094799322336,5,0.11306340718105426,0.13578151981731257,5,0.21490683229813662,0.08232286046064638,5
incoming_source,Edge-Relay-4,5,17.2,5.0,12.2,0.32,0.19390719429665315,5,0.11417876241405653,0.07323492824301134,5,0.17864447443394812,0.044422760912394756,5
incoming_source,Edge-Relay-7,5,12.0,2.6,9.4,0.4,0.3391164991562634,5,0.0404040404040404,0.04989530923324634,5,0.11918414918414919,0.08029000743578084,5
incoming_source,Edge-Relay-6,5,10.4,1.8,8.6,0.5833333333333333,0.4330127018922193,4,0.04871794871794872,0.06607230116269296,5,0.10119047619047619,0.05952380952380952,5
incoming_source,Edge-Relay-10,5,2.8,0.6,2.2,0.5,0.5,2,0.0,0.0,5,0.1,0.20000000000000004,5
incoming_source,CU-Controller-2,5,24.6,4.4,20.2,0.31999999999999995,0.22070593809662464,5,0.04103896103896104,0.03620911303724551,5,0.08982142857142857,0.061919755510248746,5
incoming_source,Edge-Relay-3,5,29.0,6.2,22.8,0.1742857142857143,0.23006653873368452,5,0.06512820512820514,0.05621411120428603,5,0.08869047619047618,0.05552521847432313,5
incoming_source,CU-Controller-7,5,11.8,1.2,10.6,0.625,0.414578098794425,4,0.03205128205128205,0.03930694799168177,5,0.08713786213786215,0.049496971116931486,5
incoming_source,CU-Controller-1,5,3.6,1.2,2.4,0.3333333333333333,0.408248290463863,4,0.0,0.0,5,0.08333333333333333,0.10540925533894599,5
incoming_source,CU-Controller-4,5,26.6,3.4,23.2,0.3333333333333333,0.380058475033046,5,0.02813852813852814,0.022988602679396977,5,0.06937037037037037,0.0445140812480195,5
incoming_source,CU-Controller-13,5,4.0,0.0,4.0,,,0,0.06666666666666667,0.13333333333333333,5,0.06666666666666667,0.13333333333333333,5
incoming_source,Edge-Relay-1,5,32.0,4.2,27.8,0.16666666666666666,0.25819888974716115,5,0.04700757575757576,0.05751995900653847,5,0.060098320060369394,0.045457426241145536,5
incoming_source,SOC-Analyst-3,5,11.4,0.2,11.2,1.0,0.0,1,0.03484848484848485,0.04274768478686631,5,0.04818181818181818,0.040114619983934334,5
incoming_source,Edge-Relay-13,5,10.2,2.8,7.4,0.10666666666666666,0.13727506854649335,5,0.02,0.04,5,0.04666666666666667,0.058118652580542315,5
incoming_source,WG-Sentinel-12,4,3.75,0.0,3.75,,,0,0.041666666666666664,0.07216878364870323,4,0.041666666666666664,0.07216878364870323,4
incoming_source,SOC-Analyst-5,5,14.2,1.0,13.2,0.25,0.4330127018922193,4,0.011764705882352941,0.023529411764705882,5,0.03111111111111111,0.0406125930722157,5
incoming_source,external-seed,5,170.8,71.6,99.2,0.058852934961366364,0.01710318202884914,5,0.00394098233352747,0.004826795506308766,5,0.026938675253416054,0.007968167083363271,5
incoming_source,CU-Controller-12,5,3.4,1.0,2.4,0.0,0.0,3,0.0,0.0,5,0.0,0.0,5
incoming_source,CU-Controller-16,4,1.5,0.0,1.5,,,0,0.0,0.0,4,0.0,0.0,4
incoming_source,CU-Controller-8,5,3.6,1.2,2.4,0.0,0.0,3,0.0,0.0,5,0.0,0.0,5
incoming_source,Edge-Relay-16,5,4.0,2.6,1.4,0.0,0.0,5,0.0,0.0,4,0.0,0.0,5
incoming_source,Edge-Relay-19,2,1.5,0.0,1.5,,,0,0.0,0.0,2,0.0,0.0,2
incoming_source,Edge-Relay-8,5,2.8,1.4,1.4,0.0,0.0,3,0.0,0.0,5,0.0,0.0,5
incoming_source,SOC-Analyst-13,5,2.2,0.4,1.8,0.0,0.0,2,0.0,0.0,5,0.0,0.0,5
incoming_source,SOC-Analyst-17,3,1.0,0.0,1.0,,,0,0.0,0.0,3,0.0,0.0,3
incoming_source,SOC-Analyst-8,4,2.5,0.75,1.75,0.0,0.0,2,0.0,0.0,4,0.0,0.0,4
incoming_source,WG-Sentinel-18,2,1.0,0.0,1.0,,,0,0.0,0.0,2,0.0,0.0,2
incoming_source,WG-Sentinel-6,5,7.6,0.2,7.4,0.0,0.0,1,0.0,0.0,5,0.0,0.0,5
incoming_source,SOC-Analyst-11,4,2.25,0.0,2.25,,,0,0.0,0.0,4,0.0,0.0,4
incoming_source,WG-Sentinel-10,1,1.0,1.0,0.0,0.0,0.0,1,,,0,0.0,0.0,1
incoming_source,WG-Sentinel-15,2,1.0,0.0,1.0,,,0,0.0,0.0,2,0.0,0.0,2
network_size,8,5,90.0,25.0,65.0,0.26566126949828134,0.11858855229350607,5,0.049245226087331354,0.03622101079853015,5,0.1115855057458831,0.012841611080688785,5
network_size,15,5,107.0,35.6,71.4,0.14186967602290182,0.06626936283321098,5,0.07627350427350428,0.019177327375047307,5,0.09827798264941079,0.018019661056592993,5
network_size,4,5,71.8,19.0,52.8,0.21530554335308155,0.1014614118370864,5,0.03765109345925288,0.02678841500790278,5,0.08333005014470053,0.036455913892078695,5
network_size,10,5,98.4,24.6,73.8,0.17910801475323462,0.07606948056159651,5,0.027079790394676638,0.018009994489011506,5,0.06572180052347557,0.01654094886903868,5
network_size,20,5,120.8,39.4,81.4,0.10174887176584968,0.02811280771811682,5,0.03672426607209216,0.02621985300824196,5,0.057210021682094304,0.015164225646884468,5
scenario_label,malicious,5,276.8,143.6,133.2,0.16873842728580796,0.04765913504294298,5,0.11461124644421486,0.05086601521497901,5,0.1415277543064766,0.009352825088451956,5
scenario_label,benign,5,211.2,0.0,211.2,,,0,0.005581629457620805,0.003510839734834463,5,0.005581629457620805,0.003510839734834463,5
