Threshold,Seeds,Accuracy Mean,Accuracy Std,Precision Mean,Precision Std,Recall Mean,Recall Std,F1 Mean,F1 Std,FPR Mean,FPR Std
0.05,5,0.8313513665847854,0.017005804165738273,0.6420701460902352,0.028496395292268772,0.969501778016171,0.008842649056471632,0.7721129720161821,0.020064049929417717,0.22618826859425237,0.024181265881845368
0.1,5,0.867611630691783,0.00631413067839209,0.7033486884184714,0.018338412942286553,0.9531445684656841,0.01804612370270863,0.8090677781324291,0.00877816384801531,0.16806675240259017,0.014722657367313267
0.15,5,0.8840860703208572,0.004104512429788107,0.7358207790488911,0.013271621454850563,0.9460105815375796,0.016041986798483072,0.8276089404199256,0.008230230583562372,0.14180486937214493,0.009172043990417678
0.2,5,0.8956543191688034,0.005886697702168315,0.765440347452661,0.01597111964094853,0.9306995677703706,0.010952376334372434,0.8399063154035751,0.010747550762437514,0.11890310953506109,0.006878836320145257
0.25,5,0.9026059041187564,0.006002991382227516,0.7887613868748837,0.013710171717484905,0.9141165898983707,0.014777401904255787,0.8467004757150572,0.00985081259367358,0.10212314158662197,0.006584670361590039
0.3,5,0.9132552174094094,0.005503614891174645,0.8172240862182909,0.01255217358654128,0.9086425946265031,0.016991726096187425,0.8603768935216387,0.009829077908054422,0.08470860913811812,0.004871395347864581
0.35,5,0.9172959536377266,0.004197334518999623,0.8386535021276493,0.010848992533383164,0.8904517736172484,0.016279388059730157,0.8636388430906745,0.008125738498214548,0.07138884257726277,0.003716913779229456
0.4,5,0.9177777107441651,0.006042238275069771,0.8520006778526534,0.016173111283469092,0.8725898841806228,0.02234796928751883,0.8618915824532263,0.011446709240328314,0.06318853726178049,0.0066394752473823634
0.45,5,0.9198034306479601,0.006202647342207741,0.8657379810437364,0.01493732736041869,0.8614843086170637,0.025844309794059803,0.8632650250663595,0.012403099633331135,0.055741856667129254,0.006413762608329621
0.5,5,0.9194115751953481,0.00911909356772691,0.8783873113838594,0.0137644584159012,0.8435669303182266,0.03569918002275414,0.8600974761274781,0.017633975816950493,0.04868313000181361,0.005629633611706557
0.55,5,0.9222265452998718,0.009347695239755191,0.8978908564522973,0.017969290238029463,0.8309872927894564,0.03304753272382967,0.8626193312808315,0.017472349673967724,0.03952252941780164,0.007631524929940197
0.6,5,0.9185816274493078,0.011679470021364569,0.9026561204724715,0.017122349654702766,0.8117093035795879,0.0392998096664618,0.8541404711190534,0.021954367571448436,0.036581042820402344,0.006957472015795796
0.65,5,0.9119421610465765,0.012580937179882203,0.9104023203826508,0.020577798957164214,0.7779907878044835,0.031191334422099443,0.8386849593981982,0.022496208192173916,0.03197871150392391,0.0076403542309099815
0.7,5,0.9052369336897266,0.014683973981438257,0.9108579711054345,0.024861922307226683,0.7527680760247362,0.03431202892966123,0.8238760275754549,0.025638235164707184,0.030825015604199035,0.0090144609553254
0.75,5,0.8956618731930609,0.015584791845121562,0.9171733987910204,0.029645104896022463,0.7103054569345468,0.030243823215913936,0.8003807882253966,0.028107789033836456,0.02677255144664683,0.009638631082033396
0.8,5,0.889889883367841,0.015196730154762812,0.9210555372735725,0.03275276103643838,0.6849759691110486,0.02775824750171218,0.7855375760445503,0.02861490459437631,0.024477652717924573,0.010007018471351199
0.85,5,0.880054239627151,0.011635232948656697,0.9292818012596087,0.025954936135903637,0.6417186761229314,0.020442576178187212,0.7590859772110689,0.0214398235137669,0.02037379203232654,0.007380481128939526
0.9,5,0.8656805502300703,0.013079226486185426,0.9399142995694918,0.023210751927324295,0.581944526746869,0.03242008492078748,0.7181915183461454,0.02630523591518549,0.015600910086090037,0.006363591642066069
0.95,5,0.8426385675886972,0.010856543979770322,0.9619687353910358,0.019577716030257243,0.4853843225233356,0.03135175967562123,0.6444440777395386,0.02624306583168937,0.008068698931348973,0.004141364940907701
