Defense,Topology,Seeds Present,Mean Runs per Seed,Attack Reach Count Mean,Attack Reach Count Std,Attack Reach (%) Mean,Attack Reach (%) Std,Max Propagation Depth Mean,Max Propagation Depth Std,Successful Malicious Relays Mean,Successful Malicious Relays Std,Fully Contained (%) Mean,Fully Contained (%) Std
No Defense,Chain,5,16.8,1.7568627450980394,0.12803786444952556,19.656619762914914,5.381589429557502,1.5016993464052288,0.07682182895665936,1.7568627450980394,0.12803786444952556,4.57516339869281,4.195243538792474
No Defense,Star,5,20.2,1.1455072463768114,0.06540616800955859,16.477261995568632,2.8104510898604262,1.0968115942028984,0.037833027293772,1.1455072463768114,0.06540616800955859,1.0,2.0
No Defense,Ring,5,8.6,2.0198484848484846,0.26852588782727294,27.7557909926331,8.204016185086799,1.6803030303030304,0.20300486045921234,2.058030303030303,0.26094305202547036,2.5,5.0
No Defense,Sparse mesh,5,6.0,2.286666666666666,0.3008598787918832,41.86076301865775,8.813582034966057,2.0683333333333334,0.4117172708438535,3.8899999999999997,0.7629875490465098,5.833333333333334,7.26483157256779
No Defense,Random min-degree,5,9.6,2.0465384615384616,0.5698494558801157,21.903605166763064,8.796045113587956,1.4357692307692307,0.5122112406318177,2.141923076923077,0.6322735345443514,14.038461538461538,18.60123429129807
WormShield,Chain,5,16.8,0.03529411764705882,0.047058823529411764,0.3921568627450981,0.5228758169934641,0.03529411764705882,0.047058823529411764,0.03529411764705882,0.047058823529411764,96.47058823529412,4.705882352941176
WormShield,Star,5,20.2,0.08144927536231884,0.030759482565476653,0.9711295146077754,0.5595670282414745,0.08144927536231884,0.030759482565476653,0.08144927536231884,0.030759482565476653,91.85507246376811,3.075948256547664
WormShield,Ring,5,8.6,0.16999999999999998,0.17131841699011813,5.105263157894738,6.040835186519537,0.13666666666666666,0.10860223038429939,0.16999999999999998,0.17131841699011813,89.66666666666666,5.592653911854174
WormShield,Sparse mesh,5,6.0,0.025,0.05,0.17857142857142858,0.35714285714285715,0.025,0.05,0.025,0.05,97.5,5.0
WormShield,Random min-degree,5,9.6,0.015384615384615385,0.03076923076923077,0.17094017094017094,0.3418803418803419,0.015384615384615385,0.03076923076923077,0.015384615384615385,0.03076923076923077,98.46153846153847,3.076923076923077
