Defense,Network Size,Seeds Present,Mean Runs per Seed,Attack Reach Count Mean,Attack Reach Count Std,Attack Reach (%) Mean,Attack Reach (%) Std,Max Propagation Depth Mean,Max Propagation Depth Std,Successful Malicious Relays Mean,Successful Malicious Relays Std,Fully Contained (%) Mean,Fully Contained (%) Std
No Defense,4,5,10.2,1.9016450216450216,0.18310887991271171,63.38816738816738,6.103629330423724,1.4766233766233765,0.10953664178885437,2.255324675324675,0.25670965010238445,3.4848484848484853,4.2747684786866325
No Defense,8,5,8.6,1.5344155844155845,0.1402964785406038,21.92022263450835,2.0042354077229105,1.439177489177489,0.2057625440793751,1.969047619047619,0.2958135712475686,5.0,6.666666666666667
No Defense,10,5,13.4,1.49011655011655,0.15545724203979194,16.556850556850556,1.727302689331021,1.2800990675990676,0.14553067300983072,1.6026165501165501,0.24986475740500366,6.833333333333334,5.830951894845301
No Defense,15,5,12.4,1.706826506826507,0.2249355356349898,12.19161790590362,1.606682397392785,1.407858807858808,0.13241886471178846,1.706826506826507,0.2249355356349898,0.0,0.0
No Defense,20,5,16.6,1.8278846153846153,0.24665963660753443,9.620445344129553,1.298208613723866,1.619945054945055,0.19032364277438887,1.930741758241758,0.24697066326481898,3.6785714285714284,3.0797230196157286
WormShield,4,5,10.2,0.12008658008658009,0.06978032712526962,4.002886002886003,2.326010904175654,0.10675324675324675,0.05873142799043982,0.12008658008658009,0.06978032712526962,90.65800865800865,5.875108029734451
WormShield,8,5,8.6,0.0,0.0,0.0,0.0,0.0,0.0,0.0,0.0,100.0,0.0
WormShield,10,5,13.4,0.12091491841491842,0.05783358534795434,1.3434990934990936,0.6425953927550482,0.12091491841491842,0.05783358534795434,0.12091491841491842,0.05783358534795434,87.90850815850817,5.783358534795436
WormShield,15,5,12.4,0.06561771561771562,0.058905217584148246,0.46869796869796876,0.4207515541724875,0.06561771561771562,0.058905217584148246,0.06561771561771562,0.058905217584148246,93.43822843822845,5.890521758414825
WormShield,20,5,16.6,0.015384615384615385,0.03076923076923077,0.08097165991902835,0.1619433198380567,0.015384615384615385,0.03076923076923077,0.015384615384615385,0.03076923076923077,98.46153846153847,3.076923076923077
