Classifier,Seed,Train N,Validation N,Test N,Threshold,Validation F1,Validation ROC-AUC,Validation PR-AUC,Validation FPR,accuracy,precision,recall,f1,roc_auc,pr_auc,fpr,tn,fp,fn,tp
Logistic Regression,7,951,208,464,0.6492676734924316,0.8688524590163934,0.9692867705608008,0.9304575623880732,0.06711409395973154,0.875,0.8583333333333333,0.7152777777777778,0.7803030303030303,0.9403862847222222,0.8914811325304898,0.053125,303,17,41,103
Gaussian Naive Bayes,7,951,208,464,0.9249053001403809,0.8503937007874016,0.9398248208394949,0.791661860160898,0.09395973154362416,0.8577586206896551,0.782608695652174,0.75,0.7659574468085106,0.9257812500000001,0.7785281418248171,0.09375,290,30,36,108
Decision Stump,7,951,208,464,0.7153042232936841,0.6628571428571428,0.796894551245592,0.4963331160365059,0.38926174496644295,0.7047413793103449,0.5139442231075697,0.8958333333333334,0.6531645569620254,0.7572916666666667,0.4927359527407611,0.38125,198,122,15,129
Linear SVM,7,951,208,464,0.4523528605305016,0.8548387096774194,0.9653054260038676,0.9178999544018749,0.08053691275167785,0.8814655172413793,0.8803418803418803,0.7152777777777778,0.789272030651341,0.9284505208333333,0.8792091195811182,0.04375,306,14,41,103
Random Forest,7,951,208,464,0.48139999999999994,0.8780487804878049,0.9777044704811738,0.9490005792355618,0.06711409395973154,0.8771551724137931,0.8222222222222222,0.7708333333333334,0.7956989247311828,0.9571831597222222,0.8988069582390533,0.075,296,24,33,111
XGBoost,7,951,208,464,0.46149036288261414,0.9105691056910569,0.9858946649982937,0.9686444895403348,0.053691275167785234,0.9181034482758621,0.8785714285714286,0.8541666666666666,0.8661971830985915,0.9620876736111112,0.9160365069566079,0.053125,303,17,21,123
Logistic Regression,19,868,241,514,0.48723238706588745,0.8970588235294118,0.980225988700565,0.9412932872173857,0.062146892655367235,0.8929961089494164,0.7950310559006211,0.8533333333333334,0.8231511254019293,0.946098901098901,0.8995790045351593,0.09065934065934066,331,33,22,128
Gaussian Naive Bayes,19,868,241,514,0.6661436557769775,0.8333333333333334,0.9378089689265536,0.7531962142746778,0.11299435028248588,0.877431906614786,0.7457627118644068,0.88,0.8073394495412844,0.9172802197802198,0.7362579143116604,0.12362637362637363,319,45,18,132
Decision Stump,19,868,241,514,0.729258985420881,0.6229508196721312,0.7701712570621468,0.45564753390982954,0.3502824858757062,0.7198443579766537,0.5114503816793893,0.8933333333333333,0.6504854368932039,0.7708424908424908,0.4880240789695151,0.3516483516483517,236,128,16,134
Linear SVM,19,868,241,514,0.4808566822062017,0.832,0.9641596045197741,0.9124603525136896,0.05084745762711865,0.8715953307392996,0.8088235294117647,0.7333333333333333,0.7692307692307693,0.9322161172161172,0.8755659361958152,0.07142857142857142,338,26,40,110
Random Forest,19,868,241,514,0.41680952380952385,0.8671328671328671,0.9784604519774012,0.9447513033885833,0.096045197740113,0.877431906614786,0.7543859649122807,0.86,0.8037383177570093,0.9531684981684981,0.895426934474402,0.11538461538461539,322,42,21,129
XGBoost,19,868,241,514,0.34921419620513916,0.9090909090909091,0.9856108757062148,0.9682810096501415,0.04519774011299435,0.914396887159533,0.8354430379746836,0.88,0.8571428571428571,0.9639010989010989,0.9240284475068979,0.07142857142857142,338,26,18,132
Logistic Regression,31,911,234,478,0.9565397500991821,0.8672566371681416,0.9651162790697674,0.9351279412596459,0.011627906976744186,0.8702928870292888,0.9438202247191011,0.5957446808510638,0.7304347826086957,0.9563314182292654,0.9190957114156036,0.01483679525222552,332,5,57,84
Gaussian Naive Bayes,31,911,234,478,1.0,0.8346456692913385,0.923762190547637,0.7817669919118102,0.06976744186046512,0.8765690376569037,0.7662337662337663,0.8368794326241135,0.8,0.9261317002336006,0.7544638994003494,0.10682492581602374,301,36,23,118
Decision Stump,31,911,234,478,0.7304676767274675,0.6875,0.8185483870967742,0.5277749644109091,0.25,0.7050209205020921,0.5,0.8865248226950354,0.639386189258312,0.7578024706946986,0.47673521469479807,0.37091988130563797,212,125,16,125
Linear SVM,31,911,234,478,0.8916657624634359,0.8421052631578947,0.9593960990247562,0.9259372036967822,0.023255813953488372,0.8723849372384938,0.9,0.6382978723404256,0.7468879668049793,0.9370120167518993,0.887731895170464,0.02967359050445104,327,10,51,90
Random Forest,31,911,234,478,0.45354761904761903,0.8721804511278195,0.9652100525131283,0.9324178470295731,0.0755813953488372,0.893305439330544,0.7884615384615384,0.8723404255319149,0.8282828282828283,0.9660332091672456,0.9218032641616736,0.09792284866468842,304,33,18,123
XGBoost,31,911,234,478,0.7636538147926331,0.8547008547008547,0.972993248312078,0.944101016857217,0.029069767441860465,0.9184100418410042,0.9636363636363636,0.75177304964539,0.8446215139442231,0.9713786644779763,0.9492916881984631,0.011869436201780416,333,4,35,106
Logistic Regression,43,907,212,504,0.7878433465957642,0.864,0.9593538851351351,0.9333470648279518,0.0472972972972973,0.8888888888888888,0.8473282442748091,0.7551020408163265,0.7985611510791367,0.9481697440881114,0.8970362798101392,0.056022408963585436,337,20,36,111
Gaussian Naive Bayes,43,907,212,504,2.370894253544975e-05,0.8026315789473685,0.905986064189189,0.7227492147902198,0.18243243243243243,0.8908730158730159,0.7584269662921348,0.9183673469387755,0.8307692307692308,0.9342880009146516,0.7805677572763436,0.12044817927170869,314,43,12,135
Decision Stump,43,907,212,504,0.725803082569177,0.6823529411764706,0.7909628378378378,0.5241745283018868,0.32432432432432434,0.7440476190476191,0.5375,0.8775510204081632,0.6666666666666666,0.7833133253301321,0.5073979591836735,0.31092436974789917,246,111,18,129
Linear SVM,43,907,212,504,0.01666866311925541,0.8396946564885496,0.9355996621621623,0.9046694992780441,0.08108108108108109,0.8809523809523809,0.8,0.7891156462585034,0.7945205479452054,0.9372320356714114,0.8676587386341177,0.08123249299719888,328,29,31,116
Random Forest,43,907,212,504,0.5878285714285716,0.8688524590163934,0.9683277027027027,0.9430159882260176,0.033783783783783786,0.8849206349206349,0.8938053097345132,0.6870748299319728,0.7769230769230769,0.9651479639474838,0.922360462221855,0.03361344537815126,345,12,46,101
XGBoost,43,907,212,504,0.49614593386650085,0.9007633587786259,0.9807854729729729,0.9568449106087864,0.05405405405405406,0.9107142857142857,0.8805970149253731,0.8027210884353742,0.8398576512455516,0.9613178604775242,0.9301749337741495,0.04481792717086835,341,16,29,118
Logistic Regression,59,884,259,480,0.35464727878570557,0.8356164383561644,0.9635151333533114,0.9143918972518513,0.07446808510638298,0.8916666666666667,0.7837837837837838,0.8529411764705882,0.8169014084507042,0.9534883720930233,0.8949881934872391,0.09302325581395349,312,32,20,116
Gaussian Naive Bayes,59,884,259,480,0.9821557402610779,0.8496732026143791,0.9355708720407552,0.7677164341653906,0.09042553191489362,0.8729166666666667,0.7358490566037735,0.8602941176470589,0.7932203389830509,0.9166488543091655,0.7212769959588736,0.12209302325581395,302,42,19,117
Decision Stump,59,884,259,480,0.8064240835603499,0.6415094339622641,0.7607506742583159,0.4935132910485024,0.19680851063829788,0.7854166666666667,0.5953757225433526,0.7573529411764706,0.6666666666666666,0.7769322845417236,0.5196595545732744,0.20348837209302326,274,70,33,103
Linear SVM,59,884,259,480,-0.0648861822494522,0.8333333333333334,0.9506293077614624,0.8883369997212154,0.06914893617021277,0.8833333333333333,0.7666666666666667,0.8455882352941176,0.8041958041958042,0.9416039671682627,0.8785698874303731,0.10174418604651163,309,35,21,115
Random Forest,59,884,259,480,0.41984761904761897,0.8662420382165605,0.9682349415642793,0.90772966408656,0.09574468085106383,0.8916666666666667,0.75,0.9264705882352942,0.8289473684210527,0.9618886798905608,0.9067482284711411,0.12209302325581395,302,42,10,126
XGBoost,59,884,259,480,0.5530958771705627,0.8888888888888888,0.9767006293077614,0.9179932864790186,0.047872340425531915,0.925,0.8676470588235294,0.8676470588235294,0.8676470588235294,0.9681301299589604,0.9219912550178109,0.05232558139534884,326,18,18,118
