Seed,Threshold,Test N,Accuracy,Precision,Recall,F1,FPR,TP,FP,TN,FN
7,0.05,464,0.8556034482758621,0.6896551724137931,0.9722222222222222,0.8069164265129684,0.196875,140,63,257,4
7,0.1,464,0.8728448275862069,0.7225130890052356,0.9583333333333334,0.8238805970149253,0.165625,138,53,267,6
7,0.15,464,0.8879310344827587,0.7527472527472527,0.9513888888888888,0.8404907975460123,0.140625,137,45,275,7
7,0.2,464,0.9030172413793104,0.7928994082840237,0.9305555555555556,0.8562300319488818,0.109375,134,35,285,10
7,0.25,464,0.9030172413793104,0.803680981595092,0.9097222222222222,0.8534201954397395,0.1,131,32,288,13
7,0.3,464,0.9137931034482759,0.8333333333333334,0.9027777777777778,0.8666666666666667,0.08125,130,26,294,14
7,0.35,464,0.915948275862069,0.8523489932885906,0.8819444444444444,0.8668941979522184,0.06875,127,22,298,17
7,0.4,464,0.9181034482758621,0.8732394366197183,0.8611111111111112,0.8671328671328671,0.05625,124,18,302,20
7,0.45,464,0.9181034482758621,0.8785714285714286,0.8541666666666666,0.8661971830985915,0.053125,123,17,303,21
7,0.5,464,0.9137931034482759,0.8939393939393939,0.8194444444444444,0.855072463768116,0.04375,118,14,306,26
7,0.55,464,0.9137931034482759,0.9,0.8125,0.8540145985401459,0.040625,117,13,307,27
7,0.6,464,0.9073275862068966,0.904,0.7847222222222222,0.8401486988847584,0.0375,113,12,308,31
7,0.65,464,0.896551724137931,0.9,0.75,0.8181818181818182,0.0375,108,12,308,36
7,0.7,464,0.8814655172413793,0.8938053097345132,0.7013888888888888,0.7859922178988327,0.0375,101,12,308,43
7,0.75,464,0.8706896551724138,0.8962264150943396,0.6597222222222222,0.76,0.034375,95,11,309,49
7,0.8,464,0.8685344827586207,0.9029126213592233,0.6458333333333334,0.7530364372469636,0.03125,93,10,310,51
7,0.85,464,0.8620689655172413,0.9166666666666666,0.6111111111111112,0.7333333333333333,0.025,88,8,312,56
7,0.9,464,0.8405172413793104,0.9375,0.5208333333333334,0.6696428571428571,0.015625,75,5,315,69
7,0.95,464,0.8254310344827587,0.9701492537313433,0.4513888888888889,0.6161137440758294,0.00625,65,2,318,79
19,0.05,514,0.8210116731517509,0.6239316239316239,0.9733333333333334,0.7604166666666666,0.24175824175824176,146,88,276,4
19,0.1,514,0.8638132295719845,0.698019801980198,0.94,0.8011363636363636,0.16758241758241757,141,61,303,9
19,0.15,514,0.877431906614786,0.7253886010362695,0.9333333333333333,0.8163265306122449,0.14560439560439561,140,53,311,10
19,0.2,514,0.8852140077821011,0.7486338797814208,0.9133333333333333,0.8228228228228228,0.12637362637362637,137,46,318,13
19,0.25,514,0.8910505836575876,0.7670454545454546,0.9,0.8282208588957055,0.11263736263736264,135,41,323,15
19,0.3,514,0.9027237354085603,0.8012048192771084,0.8866666666666667,0.8417721518987342,0.09065934065934066,133,33,331,17
19,0.35,514,0.914396887159533,0.8354430379746836,0.88,0.8571428571428571,0.07142857142857142,132,26,338,18
19,0.4,514,0.9066147859922179,0.8355263157894737,0.8466666666666667,0.8410596026490066,0.06868131868131869,127,25,339,23
19,0.45,514,0.9124513618677043,0.8571428571428571,0.84,0.8484848484848485,0.057692307692307696,126,21,343,24
19,0.5,514,0.914396887159533,0.8680555555555556,0.8333333333333334,0.8503401360544217,0.0521978021978022,125,19,345,25
19,0.55,514,0.9163424124513618,0.8905109489051095,0.8133333333333334,0.8501742160278746,0.04120879120879121,122,15,349,28
19,0.6,514,0.9085603112840467,0.8872180451127819,0.7866666666666666,0.833922261484099,0.04120879120879121,118,15,349,32
19,0.65,514,0.9027237354085603,0.8968253968253969,0.7533333333333333,0.8188405797101449,0.03571428571428571,113,13,351,37
19,0.7,514,0.9007782101167315,0.896,0.7466666666666667,0.8145454545454546,0.03571428571428571,112,13,351,38
19,0.75,514,0.8988326848249028,0.9083333333333333,0.7266666666666667,0.8074074074074075,0.03021978021978022,109,11,353,41
19,0.8,514,0.8929961089494164,0.9130434782608695,0.7,0.7924528301886793,0.027472527472527472,105,10,354,45
19,0.85,514,0.8813229571984436,0.9158878504672897,0.6533333333333333,0.7626459143968871,0.024725274725274724,98,9,355,52
19,0.9,514,0.8696498054474708,0.9108910891089109,0.6133333333333333,0.7330677290836654,0.024725274725274724,92,9,355,58
19,0.95,514,0.857976653696498,0.9529411764705882,0.54,0.6893617021276596,0.01098901098901099,81,4,360,69
31,0.05,478,0.805439330543933,0.6061946902654868,0.9716312056737588,0.7465940054495913,0.26409495548961426,137,89,248,4
31,0.1,478,0.8598326359832636,0.685,0.9716312056737588,0.8035190615835777,0.18694362017804153,137,63,274,4
31,0.15,478,0.8828451882845189,0.7248677248677249,0.9716312056737588,0.8303030303030303,0.1543026706231454,137,52,285,4
31,0.2,478,0.895397489539749,0.76,0.9432624113475178,0.8417721518987342,0.12462908011869436,133,42,295,8
31,0.25,478,0.9079497907949791,0.793939393939394,0.9290780141843972,0.8562091503267973,0.10089020771513353,131,34,303,10
31,0.3,478,0.9184100418410042,0.8227848101265823,0.9219858156028369,0.8695652173913043,0.0830860534124629,130,28,309,11
31,0.35,478,0.9246861924686193,0.847682119205298,0.9078014184397163,0.8767123287671232,0.06824925816023739,128,23,314,13
31,0.4,478,0.9246861924686193,0.8571428571428571,0.8936170212765957,0.875,0.06231454005934718,126,21,316,15
31,0.45,478,0.9309623430962343,0.875,0.8936170212765957,0.8842105263157894,0.05341246290801187,126,18,319,15
31,0.5,478,0.9330543933054394,0.8920863309352518,0.8794326241134752,0.8857142857142857,0.04451038575667656,124,15,322,17
31,0.55,478,0.9393305439330544,0.917910447761194,0.8723404255319149,0.8945454545454545,0.032640949554896145,123,11,326,18
31,0.6,478,0.9372384937238494,0.9236641221374046,0.8581560283687943,0.8897058823529411,0.02967359050445104,121,10,327,20
31,0.65,478,0.9330543933054394,0.943089430894309,0.8226950354609929,0.8787878787878788,0.020771513353115726,116,7,330,25
31,0.7,478,0.9267782426778243,0.9491525423728814,0.7943262411347518,0.8648648648648649,0.017804154302670624,112,6,331,29
31,0.75,478,0.9184100418410042,0.9636363636363636,0.75177304964539,0.8446215139442231,0.011869436201780416,106,4,333,35
31,0.8,478,0.9100418410041841,0.9622641509433962,0.723404255319149,0.8259109311740891,0.011869436201780416,102,4,333,39
31,0.85,478,0.8891213389121339,0.9583333333333334,0.6524822695035462,0.7763713080168776,0.011869436201780416,92,4,333,49
31,0.9,478,0.8765690376569037,0.9659090909090909,0.6028368794326241,0.74235807860262,0.008902077151335312,85,3,334,56
31,0.95,478,0.8389121338912134,0.9848484848484849,0.46099290780141844,0.6280193236714976,0.002967359050445104,65,1,336,76
43,0.05,504,0.8392857142857143,0.6542056074766355,0.9523809523809523,0.775623268698061,0.20728291316526612,140,74,283,7
43,0.1,504,0.876984126984127,0.7272727272727273,0.9251700680272109,0.8143712574850299,0.14285714285714285,136,51,306,11
43,0.15,504,0.8888888888888888,0.7513812154696132,0.9251700680272109,0.8292682926829268,0.12605042016806722,136,45,312,11
43,0.2,504,0.8988095238095238,0.7727272727272727,0.9251700680272109,0.8421052631578947,0.11204481792717087,136,40,317,11
43,0.25,504,0.9047619047619048,0.8,0.8979591836734694,0.8461538461538461,0.09243697478991597,132,33,324,15
43,0.3,504,0.9146825396825397,0.825,0.8979591836734694,0.8599348534201955,0.0784313725490196,132,28,329,15
43,0.35,504,0.9126984126984127,0.8366013071895425,0.8707482993197279,0.8533333333333334,0.0700280112044818,128,25,332,19
43,0.4,504,0.9186507936507936,0.863013698630137,0.8571428571428571,0.8600682593856656,0.056022408963585436,126,20,337,21
43,0.45,504,0.9166666666666666,0.8776978417266187,0.8299319727891157,0.8531468531468531,0.047619047619047616,122,17,340,25
43,0.5,504,0.9087301587301587,0.8796992481203008,0.7959183673469388,0.8357142857142857,0.04481792717086835,117,16,341,30
43,0.55,504,0.9166666666666666,0.9133858267716536,0.7891156462585034,0.8467153284671532,0.03081232492997199,116,11,346,31
43,0.6,504,0.9126984126984127,0.9186991869918699,0.7687074829931972,0.837037037037037,0.028011204481792718,113,10,347,34
43,0.65,504,0.9107142857142857,0.925,0.7551020408163265,0.8314606741573034,0.025210084033613446,111,9,348,36
43,0.7,504,0.9067460317460317,0.9310344827586207,0.7346938775510204,0.8212927756653993,0.022408963585434174,108,8,349,39
43,0.75,504,0.9007936507936508,0.9369369369369369,0.7074829931972789,0.8062015503875969,0.0196078431372549,104,7,350,43
43,0.8,504,0.9007936507936508,0.9532710280373832,0.6938775510204082,0.8031496062992126,0.014005602240896359,102,5,352,45
43,0.85,504,0.8948412698412699,0.9607843137254902,0.6666666666666666,0.7871485943775101,0.011204481792717087,98,4,353,49
43,0.9,504,0.875,0.9666666666666667,0.5918367346938775,0.7341772151898734,0.008403361344537815,87,3,354,60
43,0.95,504,0.8492063492063492,0.9733333333333334,0.4965986394557823,0.6576576576576577,0.0056022408963585435,73,2,355,74
59,0.05,480,0.8354166666666667,0.6363636363636364,0.9779411764705882,0.7710144927536232,0.22093023255813954,133,76,268,3
59,0.1,480,0.8645833333333334,0.6839378238341969,0.9705882352941176,0.8024316109422492,0.17732558139534885,132,61,283,4
59,0.15,480,0.8833333333333333,0.7247191011235955,0.9485294117647058,0.821656050955414,0.14244186046511628,129,49,295,7
59,0.2,480,0.8958333333333334,0.7529411764705882,0.9411764705882353,0.8366013071895425,0.12209302325581395,128,42,302,8
59,0.25,480,0.90625,0.7791411042944786,0.9338235294117647,0.8494983277591973,0.10465116279069768,127,36,308,9
59,0.3,480,0.9166666666666666,0.8037974683544303,0.9338235294117647,0.8639455782312925,0.09011627906976744,127,31,313,9
59,0.35,480,0.91875,0.8211920529801324,0.9117647058823529,0.8641114982578397,0.07848837209302326,124,27,317,12
59,0.4,480,0.9208333333333333,0.831081081081081,0.9044117647058824,0.8661971830985915,0.07267441860465117,123,25,319,13
59,0.45,480,0.9208333333333333,0.8402777777777778,0.8897058823529411,0.8642857142857143,0.06686046511627906,121,23,321,15
59,0.5,480,0.9270833333333334,0.8581560283687943,0.8897058823529411,0.8736462093862816,0.05813953488372093,121,20,324,15
59,0.55,480,0.925,0.8676470588235294,0.8676470588235294,0.8676470588235294,0.05232558139534884,118,18,326,18
59,0.6,480,0.9270833333333334,0.8796992481203008,0.8602941176470589,0.8698884758364313,0.046511627906976744,117,16,328,19
59,0.65,480,0.9166666666666666,0.8870967741935484,0.8088235294117647,0.8461538461538461,0.040697674418604654,110,14,330,26
59,0.7,480,0.9104166666666667,0.8842975206611571,0.7867647058823529,0.8326848249027238,0.040697674418604654,107,14,330,29
59,0.75,480,0.8895833333333333,0.8807339449541285,0.7058823529411765,0.7836734693877551,0.0377906976744186,96,13,331,40
59,0.8,480,0.8770833333333333,0.8737864077669902,0.6617647058823529,0.7531380753138075,0.0377906976744186,90,13,331,46
59,0.85,480,0.8729166666666667,0.8947368421052632,0.625,0.7359307359307359,0.029069767441860465,85,10,334,51
59,0.9,480,0.8666666666666667,0.9186046511627907,0.5808823529411765,0.7117117117117117,0.020348837209302327,79,7,337,57
59,0.95,480,0.8416666666666667,0.9285714285714286,0.47794117647058826,0.6310679611650486,0.014534883720930232,65,5,339,71
