direction,seed,protocol,source_train_n,source_validation_n,target_n,target_positive_n,target_negative_n,n,positive_n,accuracy,precision,recall,f1,roc_auc,pr_auc,fpr,threshold,tn,fp,fn,tp
AgentArena -> AI-Worm,7,source_validation_f1,951,208,2786,1286,1500,2786,1286,0.5305096913137114,0.49351415094339623,0.6508553654743391,0.5613682092555332,0.5420523587350958,0.4853496635117156,0.5726666666666667,0.46149036288261414,641,859,449,837
AgentArena -> AI-Worm,7,fixed_0.5,951,208,2786,1286,1500,2786,1286,0.5265613783201722,0.4894162924951892,0.5933125972006221,0.5363796133567662,0.5420523587350958,0.4853496635117156,0.5306666666666666,0.5,704,796,523,763
AgentArena -> AI-Worm,19,source_validation_f1,868,241,2786,1286,1500,2786,1286,0.5814788226848528,0.555452865064695,0.46734059097978226,0.5076013513513513,0.628725246241576,0.5815226941663209,0.32066666666666666,0.34921419620513916,1019,481,685,601
AgentArena -> AI-Worm,19,fixed_0.5,868,241,2786,1286,1500,2786,1286,0.5832735104091888,0.6086956521739131,0.27216174183514774,0.37614185921547555,0.628725246241576,0.5815226941663209,0.15,0.5,1275,225,936,350
AgentArena -> AI-Worm,31,source_validation_f1,911,234,2786,1286,1500,2786,1286,0.5186647523330941,0.34806629834254144,0.048989113530326596,0.08588957055214724,0.47245308449974077,0.4311155144912414,0.07866666666666666,0.7636538147926331,1382,118,1223,63
AgentArena -> AI-Worm,31,fixed_0.5,911,234,2786,1286,1500,2786,1286,0.4737975592246949,0.4019607843137255,0.2869362363919129,0.33484573502722326,0.47245308449974077,0.4311155144912414,0.366,0.5,951,549,917,369
AgentArena -> AI-Worm,43,source_validation_f1,907,212,2786,1286,1500,2786,1286,0.45082555635319455,0.3671023965141612,0.2620528771384137,0.3058076225045372,0.4418750648004147,0.403638893716383,0.3873333333333333,0.49614593386650085,919,581,949,337
AgentArena -> AI-Worm,43,fixed_0.5,907,212,2786,1286,1500,2786,1286,0.4544149318018665,0.37028824833702884,0.25972006220839816,0.3053016453382084,0.4418750648004147,0.403638893716383,0.37866666666666665,0.5,932,568,952,334
AgentArena -> AI-Worm,59,source_validation_f1,884,259,2786,1286,1500,2786,1286,0.3653984206748026,0.31961077844311375,0.3320373250388802,0.32570556826849734,0.36463348885432867,0.4129095032091706,0.606,0.5530958771705627,591,909,859,427
AgentArena -> AI-Worm,59,fixed_0.5,884,259,2786,1286,1500,2786,1286,0.3535534816941852,0.32447171097477845,0.3701399688958009,0.3458045768252815,0.36463348885432867,0.4129095032091706,0.6606666666666666,0.5,509,991,810,476
AI-Worm -> AgentArena,7,source_validation_low_fpr,7982,1999,1623,473,1150,1623,473,0.6481823783117683,0.31716417910447764,0.17970401691331925,0.22941970310391363,0.5146539203970953,0.3061129903063974,0.1591304347826087,0.007536537013947964,967,183,388,85
AI-Worm -> AgentArena,7,fixed_0.5,7982,1999,1623,473,1150,1623,473,0.7079482439926063,0.0,0.0,0.0,0.5146539203970953,0.3061129903063974,0.0008695652173913044,0.5,1149,1,473,0
AI-Worm -> AgentArena,19,source_validation_low_fpr,7983,1998,1623,473,1150,1623,473,0.6494146642020949,0.3153846153846154,0.1733615221987315,0.22373806275579808,0.5287820571743727,0.3136980106296971,0.15478260869565216,0.0065535795874893665,972,178,391,82
AI-Worm -> AgentArena,19,fixed_0.5,7983,1998,1623,473,1150,1623,473,0.7079482439926063,0.0,0.0,0.0,0.5287820571743727,0.3136980106296971,0.0008695652173913044,0.5,1149,1,473,0
AI-Worm -> AgentArena,31,source_validation_low_fpr,7985,1996,1623,473,1150,1623,473,0.680837954405422,0.39819004524886875,0.18604651162790697,0.25360230547550433,0.5619689309679198,0.3517661153502869,0.11565217391304349,0.00786617211997509,1017,133,385,88
AI-Worm -> AgentArena,31,fixed_0.5,7985,1996,1623,473,1150,1623,473,0.7085643869377696,0.5,0.004228329809725159,0.008385744234800839,0.5619689309679198,0.3517661153502869,0.0017391304347826088,0.5,1148,2,471,2
AI-Worm -> AgentArena,43,source_validation_low_fpr,7985,1996,1623,473,1150,1623,473,0.6327788046826864,0.3164179104477612,0.22410147991543342,0.2623762376237624,0.5128375769831786,0.3124703822544056,0.1991304347826087,0.004198342561721802,921,229,367,106
AI-Worm -> AgentArena,43,fixed_0.5,7985,1996,1623,473,1150,1623,473,0.707332101047443,0.0,0.0,0.0,0.5128375769831786,0.3124703822544056,0.0017391304347826088,0.5,1148,2,473,0
AI-Worm -> AgentArena,59,source_validation_low_fpr,7982,1999,1623,473,1150,1623,473,0.6586568083795441,0.3150684931506849,0.14587737843551796,0.1994219653179191,0.49130250942182185,0.2932638384617444,0.13043478260869565,0.0066976300440728664,1000,150,404,69
AI-Worm -> AgentArena,59,fixed_0.5,7982,1999,1623,473,1150,1623,473,0.7091805298829328,1.0,0.0021141649048625794,0.004219409282700422,0.49130250942182185,0.2932638384617444,0.0,0.5,1150,0,472,1
