Dataset,Model,Seed,Selected Metric Combination,Validation Threshold,Validation Best F1,Train N,Validation N,Test N,Accuracy,Precision,Recall,F1,ROC-AUC,PR-AUC,FPR,TN,FP,FN,TP
AgentArena,Logistic Regression,7,BLEU,0.2384608446198963,0.8064516129027269,951,208,464,0.8081896551724138,0.6774193548387096,0.7291666666666666,0.7023411371237458,0.82431640625,0.6193865789681421,0.15625,270,50,39,105
AgentArena,Logistic Regression,19,METEOR,0.6230417144195682,0.710743801652394,868,241,514,0.8151750972762646,0.7099236641221374,0.62,0.6619217081850534,0.8673443223443225,0.6415860103392474,0.1043956043956044,326,38,57,93
AgentArena,Logistic Regression,31,BLEU & ROUGE-L,0.3264365446477513,0.7074829931967911,911,234,478,0.8200836820083682,0.6774193548387096,0.7446808510638298,0.7094594594594594,0.8650588210535177,0.6398957919090322,0.14836795252225518,287,50,36,105
AgentArena,Logistic Regression,43,BLEU,0.17897217409628705,0.8055555555550615,907,212,504,0.8194444444444444,0.6590909090909091,0.7891156462585034,0.718266253869969,0.8399931401131883,0.6415178737197975,0.16806722689075632,297,60,31,116
AgentArena,Logistic Regression,59,BLEU & METEOR,0.24118586476881693,0.7209302325576548,884,259,480,0.8041666666666667,0.6206896551724138,0.7941176470588235,0.6967741935483871,0.8687906121751026,0.6453410540553874,0.19186046511627908,278,66,28,108
AgentArena,Naive Bayes,7,BLEU,0.15896620175400916,0.8064516129027269,951,208,464,0.8081896551724138,0.6774193548387096,0.7291666666666666,0.7023411371237458,0.82431640625,0.6193865789681421,0.15625,270,50,39,105
AgentArena,Naive Bayes,19,METEOR,0.7705007669908126,0.710743801652394,868,241,514,0.8151750972762646,0.7099236641221374,0.62,0.6619217081850534,0.8673443223443225,0.6415860103392474,0.1043956043956044,326,38,57,93
AgentArena,Naive Bayes,31,ROUGE-L,0.32624589889768185,0.7074829931967911,911,234,478,0.8158995815899581,0.6709677419354839,0.7375886524822695,0.7027027027027027,0.8635540964286466,0.633604565655994,0.1513353115727003,286,51,37,104
AgentArena,Naive Bayes,43,ROUGE-L & METEOR,0.2321072573038584,0.8088235294112663,907,212,504,0.8234126984126984,0.6883116883116883,0.7210884353741497,0.7043189368770764,0.8658129918634121,0.6362849606559434,0.13445378151260504,309,48,41,106
AgentArena,Naive Bayes,59,METEOR,0.17427523740879058,0.7209302325576548,884,259,480,0.8041666666666667,0.6206896551724138,0.7941176470588235,0.6967741935483871,0.8687585499316005,0.6361279180695998,0.19186046511627908,278,66,28,108
AgentArena,Decision Stump,7,BLEU,0.706081081081081,0.7768595041317318,951,208,464,0.8103448275862069,0.6842105263157895,0.7222222222222222,0.7027027027027027,0.7861111111111112,0.5803589433353499,0.15,272,48,40,104
AgentArena,Decision Stump,19,BLEU,0.7509727626459144,0.6811594202893576,868,241,514,0.8249027237354085,0.6724137931034483,0.78,0.7222222222222222,0.8117032967032967,0.5886850932510399,0.1565934065934066,307,57,33,117
AgentArena,Decision Stump,31,ROUGE-L,0.6928104575163399,0.7027027027022158,911,234,478,0.8138075313807531,0.6666666666666666,0.7375886524822695,0.7003367003367004,0.791642990929562,0.5691316260620988,0.1543026706231454,285,52,37,104
AgentArena,Decision Stump,43,BLEU,0.696551724137931,0.7656249999995,907,212,504,0.8353174603174603,0.7285714285714285,0.6938775510204082,0.710801393728223,0.7937174869947979,0.5948250728862974,0.10644257703081232,319,38,45,102
AgentArena,Decision Stump,59,BLEU,0.7100977198697068,0.6904761904757025,884,259,480,0.8145833333333333,0.6459627329192547,0.7647058823529411,0.7003367003367004,0.7995041039671682,0.5606381683108026,0.16569767441860464,287,57,32,104
