Model,Seed,Selected Metric Combination,Validation Threshold,Validation Best F1,Train N,Validation N,Test N
Logistic Regression,7,BLEU,0.2384608446198963,0.8064516129027269,951,208,464
Logistic Regression,19,METEOR,0.6230417144195682,0.710743801652394,868,241,514
Logistic Regression,31,BLEU & ROUGE-L,0.3264365446477513,0.7074829931967911,911,234,478
Logistic Regression,43,BLEU,0.17897217409628705,0.8055555555550615,907,212,504
Logistic Regression,59,BLEU & METEOR,0.24118586476881693,0.7209302325576548,884,259,480
Naive Bayes,7,BLEU,0.15896620175400916,0.8064516129027269,951,208,464
Naive Bayes,19,METEOR,0.7705007669908126,0.710743801652394,868,241,514
Naive Bayes,31,ROUGE-L,0.32624589889768185,0.7074829931967911,911,234,478
Naive Bayes,43,ROUGE-L & METEOR,0.2321072573038584,0.8088235294112663,907,212,504
Naive Bayes,59,METEOR,0.17427523740879058,0.7209302325576548,884,259,480
Decision Stump,7,BLEU,0.706081081081081,0.7768595041317318,951,208,464
Decision Stump,19,BLEU,0.7509727626459144,0.6811594202893576,868,241,514
Decision Stump,31,ROUGE-L,0.6928104575163399,0.7027027027022158,911,234,478
Decision Stump,43,BLEU,0.696551724137931,0.7656249999995,907,212,504
Decision Stump,59,BLEU,0.7100977198697068,0.6904761904757025,884,259,480
