Seed,Classifier,Feature Combination,Feature Count,Threshold,Target Validation FPR,Validation Precision,Validation Recall,Validation F1,Validation ROC-AUC,Validation PR-AUC,Validation FPR,Validation Persons
7,Logistic Regression,BLEU + ROUGE-L + METEOR,3,0.5134833136772585,0.03,0.9708454810495627,1.0,0.985207100591716,0.9927477477477477,0.9835965981362086,0.03,"[""Person101_emails"", ""Person102_emails"", ""Person104_emails"", ""Person10_emails"", ""Person118_emails"", ""Person121_emails"", ""Person122_emails"", ""Person124_emails"", ""Person12_emails"", ""Person137_emails"", ""Person139_emails"", ""Person142_emails"", ""Person146_emails"", ""Person149_emails"", ""Person14_emails"", ""Person162_emails"", ""Person164_emails"", ""Person180_emails"", ""Person183_emails"", ""Person186_emails""]"
7,Naive Bayes,BLEU + ROUGE-L + METEOR,3,0.9178877906008758,0.03,0.9708454810495627,1.0,0.985207100591716,0.9930030030030029,0.9858156376087526,0.03,"[""Person101_emails"", ""Person102_emails"", ""Person104_emails"", ""Person10_emails"", ""Person118_emails"", ""Person121_emails"", ""Person122_emails"", ""Person124_emails"", ""Person12_emails"", ""Person137_emails"", ""Person139_emails"", ""Person142_emails"", ""Person146_emails"", ""Person149_emails"", ""Person14_emails"", ""Person162_emails"", ""Person164_emails"", ""Person180_emails"", ""Person183_emails"", ""Person186_emails""]"
7,Decision Stump,BLEU + ROUGE-L + METEOR,3,0.9890710382513661,0.03,0.9784313725490196,0.998998998998999,0.9886082218920258,0.9884994994994994,0.9779522118907498,0.022,"[""Person101_emails"", ""Person102_emails"", ""Person104_emails"", ""Person10_emails"", ""Person118_emails"", ""Person121_emails"", ""Person122_emails"", ""Person124_emails"", ""Person12_emails"", ""Person137_emails"", ""Person139_emails"", ""Person142_emails"", ""Person146_emails"", ""Person149_emails"", ""Person14_emails"", ""Person162_emails"", ""Person164_emails"", ""Person180_emails"", ""Person183_emails"", ""Person186_emails""]"
19,Logistic Regression,BLEU + ROUGE-L + METEOR,3,0.23084954262114682,0.03,0.9708171206225681,1.0,0.9851924975320829,0.9934238476953908,0.9842367316567335,0.03,"[""Person101_emails"", ""Person103_emails"", ""Person104_emails"", ""Person107_emails"", ""Person10_emails"", ""Person114_emails"", ""Person115_emails"", ""Person122_emails"", ""Person126_emails"", ""Person131_emails"", ""Person149_emails"", ""Person152_emails"", ""Person155_emails"", ""Person160_emails"", ""Person162_emails"", ""Person173_emails"", ""Person174_emails"", ""Person180_emails"", ""Person188_emails"", ""Person189_emails""]"
19,Naive Bayes,BLEU + ROUGE-L + METEOR,3,0.03386601861000196,0.03,0.9708171206225681,1.0,0.9851924975320829,0.996246492985972,0.9923548454490543,0.03,"[""Person101_emails"", ""Person103_emails"", ""Person104_emails"", ""Person107_emails"", ""Person10_emails"", ""Person114_emails"", ""Person115_emails"", ""Person122_emails"", ""Person126_emails"", ""Person131_emails"", ""Person149_emails"", ""Person152_emails"", ""Person155_emails"", ""Person160_emails"", ""Person162_emails"", ""Person173_emails"", ""Person174_emails"", ""Person180_emails"", ""Person188_emails"", ""Person189_emails""]"
19,Decision Stump,BLEU + ROUGE-L + METEOR,3,0.9876022811802628,0.03,0.9842053307008884,0.998997995991984,0.991546494281452,0.9914989979959921,0.9837196535153159,0.016,"[""Person101_emails"", ""Person103_emails"", ""Person104_emails"", ""Person107_emails"", ""Person10_emails"", ""Person114_emails"", ""Person115_emails"", ""Person122_emails"", ""Person126_emails"", ""Person131_emails"", ""Person149_emails"", ""Person152_emails"", ""Person155_emails"", ""Person160_emails"", ""Person162_emails"", ""Person173_emails"", ""Person174_emails"", ""Person180_emails"", ""Person188_emails"", ""Person189_emails""]"
31,Logistic Regression,BLEU + ROUGE-L + METEOR,3,0.3574254012426882,0.03,0.9707602339181286,1.0,0.9851632047477745,0.9985642570281125,0.997630524275537,0.03,"[""Person100_emails"", ""Person103_emails"", ""Person104_emails"", ""Person105_emails"", ""Person107_emails"", ""Person120_emails"", ""Person123_emails"", ""Person125_emails"", ""Person126_emails"", ""Person143_emails"", ""Person145_emails"", ""Person146_emails"", ""Person151_emails"", ""Person153_emails"", ""Person156_emails"", ""Person161_emails"", ""Person167_emails"", ""Person16_emails"", ""Person173_emails"", ""Person188_emails""]"
31,Naive Bayes,BLEU + ROUGE-L + METEOR,3,0.04102372815457419,0.03,0.9707602339181286,1.0,0.9851632047477745,0.9946270080321284,0.9888316524744074,0.03,"[""Person100_emails"", ""Person103_emails"", ""Person104_emails"", ""Person105_emails"", ""Person107_emails"", ""Person120_emails"", ""Person123_emails"", ""Person125_emails"", ""Person126_emails"", ""Person143_emails"", ""Person145_emails"", ""Person146_emails"", ""Person151_emails"", ""Person153_emails"", ""Person156_emails"", ""Person161_emails"", ""Person167_emails"", ""Person16_emails"", ""Person173_emails"", ""Person188_emails""]"
31,Decision Stump,BLEU + ROUGE-L + METEOR,3,0.9873605947955391,0.03,0.9851485148514851,0.998995983935743,0.9920239282153539,0.9919979919678715,0.9846604119209034,0.015,"[""Person100_emails"", ""Person103_emails"", ""Person104_emails"", ""Person105_emails"", ""Person107_emails"", ""Person120_emails"", ""Person123_emails"", ""Person125_emails"", ""Person126_emails"", ""Person143_emails"", ""Person145_emails"", ""Person146_emails"", ""Person151_emails"", ""Person153_emails"", ""Person156_emails"", ""Person161_emails"", ""Person167_emails"", ""Person16_emails"", ""Person173_emails"", ""Person188_emails""]"
43,Logistic Regression,BLEU + ROUGE-L + METEOR,3,0.5326256997308532,0.03,0.9707602339181286,1.0,0.9851632047477745,0.993777108433735,0.9871967243878375,0.03,"[""Person101_emails"", ""Person103_emails"", ""Person105_emails"", ""Person106_emails"", ""Person108_emails"", ""Person121_emails"", ""Person123_emails"", ""Person124_emails"", ""Person138_emails"", ""Person149_emails"", ""Person150_emails"", ""Person152_emails"", ""Person16_emails"", ""Person170_emails"", ""Person171_emails"", ""Person175_emails"", ""Person185_emails"", ""Person187_emails"", ""Person188_emails"", ""Person190_emails""]"
43,Naive Bayes,BLEU + ROUGE-L + METEOR,3,0.9705836171171237,0.03,0.9707602339181286,1.0,0.9851632047477745,0.9937183734939758,0.9880942384619947,0.03,"[""Person101_emails"", ""Person103_emails"", ""Person105_emails"", ""Person106_emails"", ""Person108_emails"", ""Person121_emails"", ""Person123_emails"", ""Person124_emails"", ""Person138_emails"", ""Person149_emails"", ""Person150_emails"", ""Person152_emails"", ""Person16_emails"", ""Person170_emails"", ""Person171_emails"", ""Person175_emails"", ""Person185_emails"", ""Person187_emails"", ""Person188_emails"", ""Person190_emails""]"
43,Decision Stump,BLEU + ROUGE-L + METEOR,3,0.9890791759741872,0.03,0.9755142017629774,1.0,0.9876053544868617,0.9874999999999999,0.9755142017629774,0.025,"[""Person101_emails"", ""Person103_emails"", ""Person105_emails"", ""Person106_emails"", ""Person108_emails"", ""Person121_emails"", ""Person123_emails"", ""Person124_emails"", ""Person138_emails"", ""Person149_emails"", ""Person150_emails"", ""Person152_emails"", ""Person16_emails"", ""Person170_emails"", ""Person171_emails"", ""Person175_emails"", ""Person185_emails"", ""Person187_emails"", ""Person188_emails"", ""Person190_emails""]"
59,Logistic Regression,BLEU + ROUGE-L + METEOR,3,0.20522913720417008,0.03,0.9708454810495627,1.0,0.985207100591716,0.9993523523523523,0.9992488411517813,0.03,"[""Person104_emails"", ""Person107_emails"", ""Person115_emails"", ""Person117_emails"", ""Person118_emails"", ""Person119_emails"", ""Person11_emails"", ""Person123_emails"", ""Person127_emails"", ""Person129_emails"", ""Person12_emails"", ""Person132_emails"", ""Person134_emails"", ""Person138_emails"", ""Person140_emails"", ""Person149_emails"", ""Person159_emails"", ""Person176_emails"", ""Person178_emails"", ""Person186_emails""]"
59,Naive Bayes,BLEU + ROUGE-L + METEOR,3,0.001644352327663184,0.03,0.9708454810495627,1.0,0.985207100591716,0.9954179179179179,0.9918460177758819,0.03,"[""Person104_emails"", ""Person107_emails"", ""Person115_emails"", ""Person117_emails"", ""Person118_emails"", ""Person119_emails"", ""Person11_emails"", ""Person123_emails"", ""Person127_emails"", ""Person129_emails"", ""Person12_emails"", ""Person132_emails"", ""Person134_emails"", ""Person138_emails"", ""Person140_emails"", ""Person149_emails"", ""Person159_emails"", ""Person176_emails"", ""Person178_emails"", ""Person186_emails""]"
59,Decision Stump,BLEU + ROUGE-L + METEOR,3,0.9853996535511013,0.03,0.9910714285714286,1.0,0.9955156950672646,0.9954999999999999,0.9910714285714286,0.009,"[""Person104_emails"", ""Person107_emails"", ""Person115_emails"", ""Person117_emails"", ""Person118_emails"", ""Person119_emails"", ""Person11_emails"", ""Person123_emails"", ""Person127_emails"", ""Person129_emails"", ""Person12_emails"", ""Person132_emails"", ""Person134_emails"", ""Person138_emails"", ""Person140_emails"", ""Person149_emails"", ""Person159_emails"", ""Person176_emails"", ""Person178_emails"", ""Person186_emails""]"
