Dataset,Classifier,Seed,Feature Combination,Feature Count,Threshold,Target Validation FPR,Validation Precision,Validation Recall,Validation F1,Validation ROC-AUC,Validation PR-AUC,Validation FPR,Train N,Validation N,Test N,Accuracy,Precision,Recall,F1,ROC-AUC,PR-AUC,FPR
AI-Worm,Logistic Regression,7,BLEU + ROUGE-L + METEOR,3,0.5134833136772585,0.03,0.9708454810495627,1.0,0.985207100591716,0.9927477477477477,0.9835965981362086,0.03,7982,1999,2786,0.9727207465900933,0.9494799405646359,0.9937791601866252,0.9711246200607903,0.995315189217211,0.9884208710576947,0.04533333333333334
AI-Worm,Naive Bayes,7,BLEU + ROUGE-L + METEOR,3,0.9178877906008758,0.03,0.9708454810495627,1.0,0.985207100591716,0.9930030030030029,0.9858156376087526,0.03,7982,1999,2786,0.95908111988514,0.9240231548480463,0.9930015552099534,0.9572713643178411,0.9815453602903058,0.9666741523973496,0.07
AI-Worm,Decision Stump,7,BLEU + ROUGE-L + METEOR,3,0.9890710382513661,0.03,0.9784313725490196,0.998998998998999,0.9886082218920258,0.9884994994994994,0.9779522118907498,0.022,7982,1999,2786,0.9809763101220388,0.9659863945578231,0.9937791601866252,0.9796857033346109,0.9818895800933125,0.9628486482943169,0.03
AI-Worm,Logistic Regression,19,BLEU + ROUGE-L + METEOR,3,0.23084954262114682,0.03,0.9708171206225681,1.0,0.9851924975320829,0.9934238476953908,0.9842367316567335,0.03,7983,1998,2786,0.9565685570710696,0.918763479511143,0.9937791601866252,0.9548001494209937,0.9954033177812338,0.9884635021803949,0.07533333333333334
AI-Worm,Naive Bayes,19,BLEU + ROUGE-L + METEOR,3,0.03386601861000196,0.03,0.9708171206225681,1.0,0.9851924975320829,0.996246492985972,0.9923548454490543,0.03,7983,1998,2786,0.9504666188083274,0.9076704545454546,0.9937791601866252,0.9487750556792873,0.9825321410057025,0.9688718860425486,0.08666666666666667
AI-Worm,Decision Stump,19,BLEU + ROUGE-L + METEOR,3,0.9876022811802628,0.03,0.9842053307008884,0.998997995991984,0.991546494281452,0.9914989979959921,0.9837196535153159,0.016,7983,1998,2786,0.9809763101220388,0.9659863945578231,0.9937791601866252,0.9796857033346109,0.9818895800933125,0.9628486482943169,0.03
AI-Worm,Logistic Regression,31,BLEU + ROUGE-L + METEOR,3,0.3574254012426882,0.03,0.9707602339181286,1.0,0.9851632047477745,0.9985642570281125,0.997630524275537,0.03,7985,1996,2786,0.9662598707824839,0.9369501466275659,0.9937791601866252,0.9645283018867925,0.9955588387765681,0.9885322361816298,0.05733333333333333
AI-Worm,Naive Bayes,31,BLEU + ROUGE-L + METEOR,3,0.04102372815457419,0.03,0.9707602339181286,1.0,0.9851632047477745,0.9946270080321284,0.9888316524744074,0.03,7985,1996,2786,0.9522613065326633,0.9109052031361369,0.9937791601866252,0.9505392339159539,0.9823569206842924,0.9688183370068055,0.08333333333333333
AI-Worm,Decision Stump,31,BLEU + ROUGE-L + METEOR,3,0.9873605947955391,0.03,0.9851485148514851,0.998995983935743,0.9920239282153539,0.9919979919678715,0.9846604119209034,0.015,7985,1996,2786,0.9813352476669059,0.9667170953101362,0.9937791601866252,0.9800613496932515,0.9822229134266459,0.9635748034742984,0.029333333333333333
AI-Worm,Logistic Regression,43,BLEU + ROUGE-L + METEOR,3,0.5326256997308532,0.03,0.9707602339181286,1.0,0.9851632047477745,0.993777108433735,0.9871967243878375,0.03,7985,1996,2786,0.9730796841349605,0.950185873605948,0.9937791601866252,0.9714937286202965,0.9952534992223949,0.9883881812450926,0.04466666666666667
AI-Worm,Naive Bayes,43,BLEU + ROUGE-L + METEOR,3,0.9705836171171237,0.03,0.9707602339181286,1.0,0.9851632047477745,0.9937183734939758,0.9880942384619947,0.03,7985,1996,2786,0.9623115577889447,0.9300801165331392,0.9930015552099534,0.9605114704776232,0.9817213582166926,0.9673589212959028,0.064
AI-Worm,Decision Stump,43,BLEU + ROUGE-L + METEOR,3,0.9890791759741872,0.03,0.9755142017629774,1.0,0.9876053544868617,0.9874999999999999,0.9755142017629774,0.025,7985,1996,2786,0.9798994974874372,0.9638009049773756,0.9937791601866252,0.9785604900459418,0.9808895800933126,0.9606767542944632,0.032
AI-Worm,Logistic Regression,59,BLEU + ROUGE-L + METEOR,3,0.20522913720417008,0.03,0.9708454810495627,1.0,0.985207100591716,0.9993523523523523,0.9992488411517813,0.03,7982,1999,2786,0.9526202440775305,0.9115549215406562,0.9937791601866252,0.9508928571428571,0.9955199585277346,0.9885102605032031,0.08266666666666667
AI-Worm,Naive Bayes,59,BLEU + ROUGE-L + METEOR,3,0.001644352327663184,0.03,0.9708454810495627,1.0,0.985207100591716,0.9954179179179179,0.9918460177758819,0.03,7982,1999,2786,0.9447236180904522,0.8974719101123596,0.9937791601866252,0.9431734317343173,0.9823519958527734,0.9687976111145399,0.09733333333333333
AI-Worm,Decision Stump,59,BLEU + ROUGE-L + METEOR,3,0.9853996535511013,0.03,0.9910714285714286,1.0,0.9955156950672646,0.9954999999999999,0.9910714285714286,0.009,7982,1999,2786,0.9806173725771715,0.9652567975830816,0.9937791601866252,0.9793103448275862,0.9815562467599794,0.9621235900254836,0.030666666666666665
