Variant,Protocol,Seed,Threshold,Validation Best F1,Train N,Train Runs,Validation N,Validation Runs,Test N,Test Runs,Test Positive N,Test Negative N,accuracy,precision,recall,f1,roc_auc,pr_auc,fpr,tn,fp,fn,tp
current_concat,validation_selected,7,0.46149036288261414,0.9105691056910569,951,348,208,87,464,186,144,320,0.9181034482758621,0.8785714285714286,0.8541666666666666,0.8661971830985915,0.9620876736111112,0.9160365069566079,0.053125,303,17,21,123
current_concat,fixed_0.5,7,0.5,0.9105691056910569,951,348,208,87,464,186,144,320,0.9137931034482759,0.8939393939393939,0.8194444444444444,0.855072463768116,0.9620876736111112,0.9160365069566079,0.04375,306,14,26,118
cosine_relation,validation_selected,7,0.5773777365684509,0.8396946564885496,951,348,208,87,464,186,144,320,0.8275862068965517,0.7253521126760564,0.7152777777777778,0.7202797202797203,0.8956271701388889,0.7943555017961305,0.121875,281,39,41,103
cosine_relation,fixed_0.5,7,0.5,0.8396946564885496,951,348,208,87,464,186,144,320,0.8275862068965517,0.7105263157894737,0.75,0.7297297297297297,0.8956271701388889,0.7943555017961305,0.1375,276,44,36,108
absdiff_in_forward,validation_selected,7,0.5,0.8617886178861789,951,348,208,87,464,186,144,320,0.8642241379310345,0.7718120805369127,0.7986111111111112,0.7849829351535836,0.9334526909722223,0.873160253362891,0.10625,286,34,29,115
absdiff_in_forward,fixed_0.5,7,0.5,0.8617886178861789,951,348,208,87,464,186,144,320,0.8642241379310345,0.7718120805369127,0.7986111111111112,0.7849829351535836,0.9334526909722223,0.873160253362891,0.10625,286,34,29,115
concat_plus_cosine,validation_selected,7,0.6709303259849548,0.9666666666666667,951,348,208,87,464,186,144,320,0.9245689655172413,0.957983193277311,0.7916666666666666,0.8669201520912547,0.9778211805555556,0.9398227927925713,0.015625,315,5,30,114
concat_plus_cosine,fixed_0.5,7,0.5,0.9666666666666667,951,348,208,87,464,186,144,320,0.9310344827586207,0.9516129032258065,0.8194444444444444,0.8805970149253731,0.9778211805555556,0.9398227927925713,0.01875,314,6,26,118
current_concat,validation_selected,19,0.34921419620513916,0.9090909090909091,868,348,241,87,514,186,150,364,0.914396887159533,0.8354430379746836,0.88,0.8571428571428571,0.9639010989010989,0.9240284475068979,0.07142857142857142,338,26,18,132
current_concat,fixed_0.5,19,0.5,0.9090909090909091,868,348,241,87,514,186,150,364,0.914396887159533,0.8680555555555556,0.8333333333333334,0.8503401360544217,0.9639010989010989,0.9240284475068979,0.0521978021978022,345,19,25,125
cosine_relation,validation_selected,19,0.4771513044834137,0.7466666666666667,868,348,241,87,514,186,150,364,0.830739299610895,0.6632124352331606,0.8533333333333334,0.7463556851311953,0.9093772893772893,0.8273865163982641,0.17857142857142858,299,65,22,128
cosine_relation,fixed_0.5,19,0.5,0.7466666666666667,868,348,241,87,514,186,150,364,0.830739299610895,0.6666666666666666,0.84,0.7433628318584071,0.9093772893772893,0.8273865163982641,0.17307692307692307,301,63,24,126
absdiff_in_forward,validation_selected,19,0.6447700262069702,0.819672131147541,868,348,241,87,514,186,150,364,0.8891050583657587,0.8163265306122449,0.8,0.8080808080808081,0.9236172161172161,0.8674208753053276,0.07417582417582418,337,27,30,120
absdiff_in_forward,fixed_0.5,19,0.5,0.819672131147541,868,348,241,87,514,186,150,364,0.867704280155642,0.7440476190476191,0.8333333333333334,0.7861635220125787,0.9236172161172161,0.8674208753053276,0.11813186813186813,321,43,25,125
concat_plus_cosine,validation_selected,19,0.7798949480056763,0.9421487603305785,868,348,241,87,514,186,150,364,0.9319066147859922,0.9752066115702479,0.7866666666666666,0.8708487084870848,0.980970695970696,0.9687921410244703,0.008241758241758242,361,3,32,118
concat_plus_cosine,fixed_0.5,19,0.5,0.9421487603305785,868,348,241,87,514,186,150,364,0.9474708171206225,0.9424460431654677,0.8733333333333333,0.9065743944636678,0.980970695970696,0.9687921410244703,0.02197802197802198,356,8,19,131
current_concat,validation_selected,31,0.7636538147926331,0.8547008547008547,911,348,234,87,478,186,141,337,0.9184100418410042,0.9636363636363636,0.75177304964539,0.8446215139442231,0.9713786644779763,0.9492916881984631,0.011869436201780416,333,4,35,106
current_concat,fixed_0.5,31,0.5,0.8547008547008547,911,348,234,87,478,186,141,337,0.9330543933054394,0.8920863309352518,0.8794326241134752,0.8857142857142857,0.9713786644779763,0.9492916881984631,0.04451038575667656,322,15,17,124
cosine_relation,validation_selected,31,0.5636106729507446,0.7285714285714285,911,348,234,87,478,186,141,337,0.8702928870292888,0.7762237762237763,0.7872340425531915,0.7816901408450704,0.9213860302628534,0.8686877600703024,0.09495548961424333,305,32,30,111
cosine_relation,fixed_0.5,31,0.5,0.7285714285714285,911,348,234,87,478,186,141,337,0.8430962343096234,0.6964285714285714,0.8297872340425532,0.7572815533980582,0.9213860302628534,0.8686877600703024,0.1513353115727003,286,51,24,117
absdiff_in_forward,validation_selected,31,0.5547979474067688,0.7669172932330827,911,348,234,87,478,186,141,337,0.897489539748954,0.8108108108108109,0.851063829787234,0.8304498269896193,0.9412105141317845,0.9025779387380639,0.0830860534124629,309,28,21,120
absdiff_in_forward,fixed_0.5,31,0.5,0.7669172932330827,911,348,234,87,478,186,141,337,0.899581589958159,0.803921568627451,0.8723404255319149,0.8367346938775511,0.9412105141317845,0.9025779387380639,0.08902077151335312,307,30,18,123
concat_plus_cosine,validation_selected,31,0.49653586745262146,0.926829268292683,911,348,234,87,478,186,141,337,0.9518828451882845,0.927536231884058,0.9078014184397163,0.9175627240143369,0.9772292021802722,0.9680891584104016,0.02967359050445104,327,10,13,128
concat_plus_cosine,fixed_0.5,31,0.5,0.926829268292683,911,348,234,87,478,186,141,337,0.9518828451882845,0.927536231884058,0.9078014184397163,0.9175627240143369,0.9772292021802722,0.9680891584104016,0.02967359050445104,327,10,13,128
current_concat,validation_selected,43,0.49614593386650085,0.9007633587786259,907,348,212,87,504,186,147,357,0.9107142857142857,0.8805970149253731,0.8027210884353742,0.8398576512455516,0.9613178604775242,0.9301749337741495,0.04481792717086835,341,16,29,118
current_concat,fixed_0.5,43,0.5,0.9007633587786259,907,348,212,87,504,186,147,357,0.9087301587301587,0.8796992481203008,0.7959183673469388,0.8357142857142857,0.9613178604775242,0.9301749337741495,0.04481792717086835,341,16,30,117
cosine_relation,validation_selected,43,0.5849940180778503,0.8029197080291971,907,348,212,87,504,186,147,357,0.8452380952380952,0.7346938775510204,0.7346938775510204,0.7346938775510204,0.9005125859867756,0.8256096987307835,0.1092436974789916,318,39,39,108
cosine_relation,fixed_0.5,43,0.5,0.8029197080291971,907,348,212,87,504,186,147,357,0.8373015873015873,0.696969696969697,0.782312925170068,0.7371794871794872,0.9005125859867756,0.8256096987307835,0.1400560224089636,307,50,32,115
absdiff_in_forward,validation_selected,43,0.3093849718570709,0.8378378378378378,907,348,212,87,504,186,147,357,0.8373015873015873,0.6666666666666666,0.8843537414965986,0.7602339181286549,0.9318489300482098,0.8915960578255768,0.18207282913165265,292,65,17,130
absdiff_in_forward,fixed_0.5,43,0.5,0.8378378378378378,907,348,212,87,504,186,147,357,0.8690476190476191,0.7484662576687117,0.8299319727891157,0.7870967741935484,0.9318489300482098,0.8915960578255768,0.11484593837535013,316,41,25,122
concat_plus_cosine,validation_selected,43,0.4260033667087555,0.9465648854961832,907,348,212,87,504,186,147,357,0.9583333333333334,0.9565217391304348,0.8979591836734694,0.9263157894736842,0.9767335505630824,0.9648065620664358,0.01680672268907563,351,6,15,132
concat_plus_cosine,fixed_0.5,43,0.5,0.9465648854961832,907,348,212,87,504,186,147,357,0.9543650793650794,0.9626865671641791,0.8775510204081632,0.9181494661921709,0.9767335505630824,0.9648065620664358,0.014005602240896359,352,5,18,129
current_concat,validation_selected,59,0.5530958771705627,0.8888888888888888,884,348,259,87,480,186,136,344,0.925,0.8676470588235294,0.8676470588235294,0.8676470588235294,0.9681301299589604,0.9219912550178109,0.05232558139534884,326,18,18,118
current_concat,fixed_0.5,59,0.5,0.8888888888888888,884,348,259,87,480,186,136,344,0.9270833333333334,0.8581560283687943,0.8897058823529411,0.8736462093862816,0.9681301299589604,0.9219912550178109,0.05813953488372093,324,20,15,121
cosine_relation,validation_selected,59,0.7230041027069092,0.7862068965517242,884,348,259,87,480,186,136,344,0.84375,0.7652173913043478,0.6470588235294118,0.701195219123506,0.9014941005471957,0.7888370509655541,0.07848837209302326,317,27,48,88
cosine_relation,fixed_0.5,59,0.5,0.7862068965517242,884,348,259,87,480,186,136,344,0.8291666666666667,0.6569767441860465,0.8308823529411765,0.7337662337662337,0.9014941005471957,0.7888370509655541,0.17151162790697674,285,59,23,113
absdiff_in_forward,validation_selected,59,0.6181077361106873,0.875,884,348,259,87,480,186,136,344,0.8770833333333333,0.808,0.7426470588235294,0.7739463601532567,0.922751367989056,0.8431353789403886,0.06976744186046512,320,24,35,101
absdiff_in_forward,fixed_0.5,59,0.5,0.875,884,348,259,87,480,186,136,344,0.875,0.7567567567567568,0.8235294117647058,0.7887323943661971,0.922751367989056,0.8431353789403886,0.10465116279069768,308,36,24,112
concat_plus_cosine,validation_selected,59,0.5,0.9379310344827586,884,348,259,87,480,186,136,344,0.9583333333333334,0.9328358208955224,0.9191176470588235,0.9259259259259259,0.9831780095759235,0.9704957488765011,0.02616279069767442,335,9,11,125
concat_plus_cosine,fixed_0.5,59,0.5,0.9379310344827586,884,348,259,87,480,186,136,344,0.9583333333333334,0.9328358208955224,0.9191176470588235,0.9259259259259259,0.9831780095759235,0.9704957488765011,0.02616279069767442,335,9,11,125
