decision_uid,run_id,y_true,y_score,y_pred
benign--assurance_triage--chain--n10--routine_update--r1::evt-2,benign--assurance_triage--chain--n10--routine_update--r1,0,0.09586776859504133,0
benign--assurance_triage--chain--n10--routine_update--r1::evt-4,benign--assurance_triage--chain--n10--routine_update--r1,0,0.09586776859504133,0
benign--assurance_triage--chain--n15--maintenance_notice--r4::evt-2,benign--assurance_triage--chain--n15--maintenance_notice--r4,0,0.09586776859504133,0
benign--assurance_triage--chain--n20--quoted_attack_review--r3::evt-2,benign--assurance_triage--chain--n20--quoted_attack_review--r3,0,0.09586776859504133,0
benign--assurance_triage--chain--n20--quoted_attack_review--r3::evt-5,benign--assurance_triage--chain--n20--quoted_attack_review--r3,0,0.6928104575163399,1
benign--assurance_triage--chain--n20--quoted_attack_review--r3::evt-7,benign--assurance_triage--chain--n20--quoted_attack_review--r3,0,0.09586776859504133,0
benign--assurance_triage--chain--n20--quoted_attack_review--r3::evt-8,benign--assurance_triage--chain--n20--quoted_attack_review--r3,0,0.6928104575163399,1
benign--assurance_triage--chain--n4--routine_update--r1::evt-2,benign--assurance_triage--chain--n4--routine_update--r1,0,0.09586776859504133,0
benign--assurance_triage--chain--n4--routine_update--r1::evt-4,benign--assurance_triage--chain--n4--routine_update--r1,0,0.6928104575163399,1
benign--assurance_triage--chain--n8--containment_drill--r2::evt-2,benign--assurance_triage--chain--n8--containment_drill--r2,0,0.09586776859504133,0
benign--assurance_triage--chain--n8--routine_update--r3::evt-2,benign--assurance_triage--chain--n8--routine_update--r3,0,0.09586776859504133,0
benign--assurance_triage--mesh_lite--n10--maintenance_notice--r4::evt-2,benign--assurance_triage--mesh_lite--n10--maintenance_notice--r4,0,0.09586776859504133,0
benign--assurance_triage--mesh_lite--n15--containment_drill--r4::evt-2,benign--assurance_triage--mesh_lite--n15--containment_drill--r4,0,0.09586776859504133,0
benign--assurance_triage--mesh_lite--n15--containment_drill--r4::evt-6,benign--assurance_triage--mesh_lite--n15--containment_drill--r4,0,0.09586776859504133,0
benign--assurance_triage--mesh_lite--n15--containment_drill--r4::evt-10,benign--assurance_triage--mesh_lite--n15--containment_drill--r4,0,0.09586776859504133,0
benign--assurance_triage--mesh_lite--n15--containment_drill--r4::evt-14,benign--assurance_triage--mesh_lite--n15--containment_drill--r4,0,0.09586776859504133,0
benign--assurance_triage--mesh_lite--n15--containment_drill--r4::evt-15,benign--assurance_triage--mesh_lite--n15--containment_drill--r4,0,0.09586776859504133,0
benign--assurance_triage--mesh_lite--n15--routine_update--r5::evt-2,benign--assurance_triage--mesh_lite--n15--routine_update--r5,0,0.6928104575163399,1
benign--assurance_triage--mesh_lite--n15--routine_update--r5::evt-4,benign--assurance_triage--mesh_lite--n15--routine_update--r5,0,0.09586776859504133,0
benign--assurance_triage--mesh_lite--n15--routine_update--r5::evt-8,benign--assurance_triage--mesh_lite--n15--routine_update--r5,0,0.09586776859504133,0
benign--assurance_triage--mesh_lite--n15--routine_update--r5::evt-11,benign--assurance_triage--mesh_lite--n15--routine_update--r5,0,0.09586776859504133,0
benign--assurance_triage--mesh_lite--n15--routine_update--r5::evt-12,benign--assurance_triage--mesh_lite--n15--routine_update--r5,0,0.6928104575163399,1
benign--assurance_triage--mesh_lite--n15--routine_update--r5::evt-14,benign--assurance_triage--mesh_lite--n15--routine_update--r5,0,0.09586776859504133,0
benign--assurance_triage--mesh_lite--n20--quoted_attack_review--r5::evt-6,benign--assurance_triage--mesh_lite--n20--quoted_attack_review--r5,0,0.09586776859504133,0
benign--assurance_triage--mesh_lite--n20--quoted_attack_review--r5::evt-7,benign--assurance_triage--mesh_lite--n20--quoted_attack_review--r5,0,0.09586776859504133,0
benign--assurance_triage--mesh_lite--n20--quoted_attack_review--r5::evt-11,benign--assurance_triage--mesh_lite--n20--quoted_attack_review--r5,0,0.09586776859504133,0
benign--assurance_triage--mesh_lite--n20--quoted_attack_review--r5::evt-14,benign--assurance_triage--mesh_lite--n20--quoted_attack_review--r5,0,0.09586776859504133,0
benign--assurance_triage--mesh_lite--n20--routine_update--r3::evt-2,benign--assurance_triage--mesh_lite--n20--routine_update--r3,0,0.09586776859504133,0
benign--assurance_triage--random_min_degree--n10--quoted_attack_review--r3::evt-2,benign--assurance_triage--random_min_degree--n10--quoted_attack_review--r3,0,0.09586776859504133,0
benign--assurance_triage--random_min_degree--n10--quoted_attack_review--r3::evt-4,benign--assurance_triage--random_min_degree--n10--quoted_attack_review--r3,0,0.6928104575163399,1
benign--assurance_triage--random_min_degree--n10--quoted_attack_review--r3::evt-8,benign--assurance_triage--random_min_degree--n10--quoted_attack_review--r3,0,0.09586776859504133,0
benign--assurance_triage--random_min_degree--n10--routine_update--r1::evt-2,benign--assurance_triage--random_min_degree--n10--routine_update--r1,0,0.09586776859504133,0
benign--assurance_triage--random_min_degree--n15--containment_drill--r2::evt-2,benign--assurance_triage--random_min_degree--n15--containment_drill--r2,0,0.09586776859504133,0
benign--assurance_triage--random_min_degree--n20--maintenance_notice--r2::evt-2,benign--assurance_triage--random_min_degree--n20--maintenance_notice--r2,0,0.09586776859504133,0
benign--assurance_triage--random_min_degree--n20--routine_update--r1::evt-2,benign--assurance_triage--random_min_degree--n20--routine_update--r1,0,0.09586776859504133,0
benign--assurance_triage--ring--n10--routine_update--r1::evt-2,benign--assurance_triage--ring--n10--routine_update--r1,0,0.09586776859504133,0
benign--assurance_triage--ring--n15--containment_drill--r2::evt-2,benign--assurance_triage--ring--n15--containment_drill--r2,0,0.09586776859504133,0
benign--assurance_triage--ring--n20--quoted_attack_review--r3::evt-2,benign--assurance_triage--ring--n20--quoted_attack_review--r3,0,0.09586776859504133,0
benign--assurance_triage--ring--n20--quoted_attack_review--r3::evt-4,benign--assurance_triage--ring--n20--quoted_attack_review--r3,0,0.09586776859504133,0
benign--assurance_triage--ring--n20--quoted_attack_review--r3::evt-8,benign--assurance_triage--ring--n20--quoted_attack_review--r3,0,0.09586776859504133,0
benign--assurance_triage--ring--n20--routine_update--r5::evt-2,benign--assurance_triage--ring--n20--routine_update--r5,0,0.09586776859504133,0
benign--assurance_triage--ring--n20--routine_update--r5::evt-5,benign--assurance_triage--ring--n20--routine_update--r5,0,0.09586776859504133,0
benign--assurance_triage--ring--n20--routine_update--r5::evt-10,benign--assurance_triage--ring--n20--routine_update--r5,0,0.09586776859504133,0
benign--assurance_triage--ring--n4--quoted_attack_review--r3::evt-8,benign--assurance_triage--ring--n4--quoted_attack_review--r3,0,0.6928104575163399,1
benign--assurance_triage--ring--n4--quoted_attack_review--r3::evt-10,benign--assurance_triage--ring--n4--quoted_attack_review--r3,0,0.09586776859504133,0
benign--assurance_triage--ring--n8--containment_drill--r2::evt-2,benign--assurance_triage--ring--n8--containment_drill--r2,0,0.09586776859504133,0
benign--assurance_triage--star--n15--routine_update--r1::evt-2,benign--assurance_triage--star--n15--routine_update--r1,0,0.09586776859504133,0
benign--assurance_triage--star--n20--maintenance_notice--r4::evt-2,benign--assurance_triage--star--n20--maintenance_notice--r4,0,0.6928104575163399,1
benign--assurance_triage--star--n20--maintenance_notice--r4::evt-4,benign--assurance_triage--star--n20--maintenance_notice--r4,0,0.09586776859504133,0
benign--assurance_triage--star--n8--maintenance_notice--r2::evt-2,benign--assurance_triage--star--n8--maintenance_notice--r2,0,0.09586776859504133,0
benign--assurance_triage--star--n8--quoted_attack_review--r3::evt-2,benign--assurance_triage--star--n8--quoted_attack_review--r3,0,0.09586776859504133,0
benign--edge_mesh--chain--n10--containment_drill--r2::evt-2,benign--edge_mesh--chain--n10--containment_drill--r2,0,0.09586776859504133,0
benign--edge_mesh--chain--n10--maintenance_notice--r4::evt-2,benign--edge_mesh--chain--n10--maintenance_notice--r4,0,0.6928104575163399,1
benign--edge_mesh--chain--n10--maintenance_notice--r4::evt-4,benign--edge_mesh--chain--n10--maintenance_notice--r4,0,0.09586776859504133,0
benign--edge_mesh--chain--n15--containment_drill--r4::evt-2,benign--edge_mesh--chain--n15--containment_drill--r4,0,0.09586776859504133,0
benign--edge_mesh--chain--n15--containment_drill--r4::evt-5,benign--edge_mesh--chain--n15--containment_drill--r4,0,0.6928104575163399,1
benign--edge_mesh--chain--n15--containment_drill--r4::evt-7,benign--edge_mesh--chain--n15--containment_drill--r4,0,0.09586776859504133,0
benign--edge_mesh--chain--n15--containment_drill--r4::evt-8,benign--edge_mesh--chain--n15--containment_drill--r4,0,0.09586776859504133,0
benign--edge_mesh--chain--n20--quoted_attack_review--r5::evt-2,benign--edge_mesh--chain--n20--quoted_attack_review--r5,0,0.09586776859504133,0
benign--edge_mesh--chain--n20--quoted_attack_review--r5::evt-6,benign--edge_mesh--chain--n20--quoted_attack_review--r5,0,0.09586776859504133,0
benign--edge_mesh--chain--n20--routine_update--r3::evt-2,benign--edge_mesh--chain--n20--routine_update--r3,0,0.09586776859504133,0
benign--edge_mesh--chain--n20--routine_update--r3::evt-5,benign--edge_mesh--chain--n20--routine_update--r3,0,0.09586776859504133,0
benign--edge_mesh--chain--n4--routine_update--r3::evt-4,benign--edge_mesh--chain--n4--routine_update--r3,0,0.09586776859504133,0
benign--edge_mesh--chain--n4--routine_update--r3::evt-6,benign--edge_mesh--chain--n4--routine_update--r3,0,0.09586776859504133,0
benign--edge_mesh--chain--n8--containment_drill--r4::evt-2,benign--edge_mesh--chain--n8--containment_drill--r4,0,0.09586776859504133,0
benign--edge_mesh--chain--n8--containment_drill--r4::evt-5,benign--edge_mesh--chain--n8--containment_drill--r4,0,0.09586776859504133,0
benign--edge_mesh--chain--n8--quoted_attack_review--r3::evt-2,benign--edge_mesh--chain--n8--quoted_attack_review--r3,0,0.6928104575163399,1
benign--edge_mesh--chain--n8--quoted_attack_review--r3::evt-5,benign--edge_mesh--chain--n8--quoted_attack_review--r3,0,0.6928104575163399,1
benign--edge_mesh--chain--n8--quoted_attack_review--r3::evt-7,benign--edge_mesh--chain--n8--quoted_attack_review--r3,0,0.09586776859504133,0
benign--edge_mesh--chain--n8--quoted_attack_review--r3::evt-8,benign--edge_mesh--chain--n8--quoted_attack_review--r3,0,0.09586776859504133,0
benign--edge_mesh--chain--n8--routine_update--r5::evt-2,benign--edge_mesh--chain--n8--routine_update--r5,0,0.09586776859504133,0
benign--edge_mesh--chain--n8--routine_update--r5::evt-4,benign--edge_mesh--chain--n8--routine_update--r5,0,0.09586776859504133,0
benign--edge_mesh--mesh_lite--n4--containment_drill--r4::evt-2,benign--edge_mesh--mesh_lite--n4--containment_drill--r4,0,0.09586776859504133,0
benign--edge_mesh--random_min_degree--n20--containment_drill--r2::evt-2,benign--edge_mesh--random_min_degree--n20--containment_drill--r2,0,0.09586776859504133,0
benign--edge_mesh--random_min_degree--n20--containment_drill--r2::evt-5,benign--edge_mesh--random_min_degree--n20--containment_drill--r2,0,0.09586776859504133,0
benign--edge_mesh--random_min_degree--n4--containment_drill--r2::evt-2,benign--edge_mesh--random_min_degree--n4--containment_drill--r2,0,0.09586776859504133,0
benign--edge_mesh--random_min_degree--n8--routine_update--r1::evt-2,benign--edge_mesh--random_min_degree--n8--routine_update--r1,0,0.6928104575163399,1
benign--edge_mesh--random_min_degree--n8--routine_update--r1::evt-4,benign--edge_mesh--random_min_degree--n8--routine_update--r1,0,0.09586776859504133,0
benign--edge_mesh--ring--n10--containment_drill--r2::evt-2,benign--edge_mesh--ring--n10--containment_drill--r2,0,0.09586776859504133,0
benign--edge_mesh--ring--n15--maintenance_notice--r2::evt-2,benign--edge_mesh--ring--n15--maintenance_notice--r2,0,0.09586776859504133,0
benign--edge_mesh--ring--n15--routine_update--r1::evt-2,benign--edge_mesh--ring--n15--routine_update--r1,0,0.6928104575163399,1
benign--edge_mesh--ring--n15--routine_update--r1::evt-4,benign--edge_mesh--ring--n15--routine_update--r1,0,0.6928104575163399,1
benign--edge_mesh--ring--n15--routine_update--r1::evt-6,benign--edge_mesh--ring--n15--routine_update--r1,0,0.6928104575163399,1
benign--edge_mesh--ring--n15--routine_update--r1::evt-8,benign--edge_mesh--ring--n15--routine_update--r1,0,0.09586776859504133,0
benign--edge_mesh--ring--n15--routine_update--r1::evt-10,benign--edge_mesh--ring--n15--routine_update--r1,0,0.09586776859504133,0
benign--edge_mesh--ring--n4--maintenance_notice--r4::evt-2,benign--edge_mesh--ring--n4--maintenance_notice--r4,0,0.6928104575163399,1
benign--edge_mesh--ring--n4--maintenance_notice--r4::evt-4,benign--edge_mesh--ring--n4--maintenance_notice--r4,0,0.6928104575163399,1
benign--edge_mesh--ring--n4--maintenance_notice--r4::evt-6,benign--edge_mesh--ring--n4--maintenance_notice--r4,0,0.6928104575163399,1
benign--edge_mesh--star--n10--routine_update--r5::evt-2,benign--edge_mesh--star--n10--routine_update--r5,0,0.09586776859504133,0
benign--edge_mesh--star--n10--routine_update--r5::evt-4,benign--edge_mesh--star--n10--routine_update--r5,0,0.09586776859504133,0
benign--edge_mesh--star--n15--maintenance_notice--r4::evt-2,benign--edge_mesh--star--n15--maintenance_notice--r4,0,0.09586776859504133,0
benign--edge_mesh--star--n15--maintenance_notice--r4::evt-4,benign--edge_mesh--star--n15--maintenance_notice--r4,0,0.09586776859504133,0
benign--edge_mesh--star--n15--routine_update--r3::evt-2,benign--edge_mesh--star--n15--routine_update--r3,0,0.09586776859504133,0
benign--edge_mesh--star--n15--routine_update--r3::evt-4,benign--edge_mesh--star--n15--routine_update--r3,0,0.09586776859504133,0
benign--edge_mesh--star--n8--routine_update--r3::evt-2,benign--edge_mesh--star--n8--routine_update--r3,0,0.09586776859504133,0
benign--edge_mesh--star--n8--routine_update--r3::evt-4,benign--edge_mesh--star--n8--routine_update--r3,0,0.6928104575163399,1
benign--ran_orchestration--chain--n10--maintenance_notice--r6::evt-2,benign--ran_orchestration--chain--n10--maintenance_notice--r6,0,0.6928104575163399,1
benign--ran_orchestration--chain--n10--maintenance_notice--r6::evt-4,benign--ran_orchestration--chain--n10--maintenance_notice--r6,0,0.09586776859504133,0
benign--ran_orchestration--chain--n20--quoted_attack_review--r3::evt-2,benign--ran_orchestration--chain--n20--quoted_attack_review--r3,0,0.09586776859504133,0
benign--ran_orchestration--chain--n20--quoted_attack_review--r3::evt-5,benign--ran_orchestration--chain--n20--quoted_attack_review--r3,0,0.6928104575163399,1
benign--ran_orchestration--chain--n20--quoted_attack_review--r3::evt-7,benign--ran_orchestration--chain--n20--quoted_attack_review--r3,0,0.09586776859504133,0
benign--ran_orchestration--mesh_lite--n4--containment_drill--r2::evt-2,benign--ran_orchestration--mesh_lite--n4--containment_drill--r2,0,0.09586776859504133,0
benign--ran_orchestration--mesh_lite--n4--containment_drill--r6::evt-2,benign--ran_orchestration--mesh_lite--n4--containment_drill--r6,0,0.6928104575163399,1
benign--ran_orchestration--mesh_lite--n4--containment_drill--r6::evt-4,benign--ran_orchestration--mesh_lite--n4--containment_drill--r6,0,0.09586776859504133,0
benign--ran_orchestration--mesh_lite--n8--maintenance_notice--r2::evt-2,benign--ran_orchestration--mesh_lite--n8--maintenance_notice--r2,0,0.09586776859504133,0
benign--ran_orchestration--random_min_degree--n10--maintenance_notice--r2::evt-2,benign--ran_orchestration--random_min_degree--n10--maintenance_notice--r2,0,0.09586776859504133,0
benign--ran_orchestration--random_min_degree--n10--maintenance_notice--r2::evt-5,benign--ran_orchestration--random_min_degree--n10--maintenance_notice--r2,0,0.09586776859504133,0
benign--ran_orchestration--random_min_degree--n10--maintenance_notice--r2::evt-7,benign--ran_orchestration--random_min_degree--n10--maintenance_notice--r2,0,0.6928104575163399,1
benign--ran_orchestration--random_min_degree--n10--maintenance_notice--r2::evt-10,benign--ran_orchestration--random_min_degree--n10--maintenance_notice--r2,0,0.09586776859504133,0
benign--ran_orchestration--random_min_degree--n10--maintenance_notice--r6::evt-2,benign--ran_orchestration--random_min_degree--n10--maintenance_notice--r6,0,0.6928104575163399,1
benign--ran_orchestration--random_min_degree--n10--maintenance_notice--r6::evt-4,benign--ran_orchestration--random_min_degree--n10--maintenance_notice--r6,0,0.6928104575163399,1
benign--ran_orchestration--random_min_degree--n10--maintenance_notice--r6::evt-6,benign--ran_orchestration--random_min_degree--n10--maintenance_notice--r6,0,0.09586776859504133,0
benign--ran_orchestration--random_min_degree--n10--maintenance_notice--r6::evt-8,benign--ran_orchestration--random_min_degree--n10--maintenance_notice--r6,0,0.09586776859504133,0
benign--ran_orchestration--random_min_degree--n15--containment_drill--r2::evt-2,benign--ran_orchestration--random_min_degree--n15--containment_drill--r2,0,0.09586776859504133,0
benign--ran_orchestration--random_min_degree--n15--quoted_attack_review--r5::evt-2,benign--ran_orchestration--random_min_degree--n15--quoted_attack_review--r5,0,0.09586776859504133,0
benign--ran_orchestration--random_min_degree--n20--routine_update--r1::evt-2,benign--ran_orchestration--random_min_degree--n20--routine_update--r1,0,0.09586776859504133,0
benign--ran_orchestration--random_min_degree--n20--routine_update--r1::evt-6,benign--ran_orchestration--random_min_degree--n20--routine_update--r1,0,0.09586776859504133,0
benign--ran_orchestration--random_min_degree--n20--routine_update--r1::evt-8,benign--ran_orchestration--random_min_degree--n20--routine_update--r1,0,0.6928104575163399,1
benign--ran_orchestration--random_min_degree--n20--routine_update--r1::evt-10,benign--ran_orchestration--random_min_degree--n20--routine_update--r1,0,0.09586776859504133,0
benign--ran_orchestration--random_min_degree--n4--containment_drill--r4::evt-2,benign--ran_orchestration--random_min_degree--n4--containment_drill--r4,0,0.09586776859504133,0
benign--ran_orchestration--random_min_degree--n8--containment_drill--r6::evt-2,benign--ran_orchestration--random_min_degree--n8--containment_drill--r6,0,0.09586776859504133,0
benign--ran_orchestration--ring--n10--maintenance_notice--r6::evt-2,benign--ran_orchestration--ring--n10--maintenance_notice--r6,0,0.09586776859504133,0
benign--ran_orchestration--ring--n10--maintenance_notice--r6::evt-4,benign--ran_orchestration--ring--n10--maintenance_notice--r6,0,0.6928104575163399,1
benign--ran_orchestration--ring--n10--maintenance_notice--r6::evt-6,benign--ran_orchestration--ring--n10--maintenance_notice--r6,0,0.09586776859504133,0
benign--ran_orchestration--ring--n10--routine_update--r1::evt-2,benign--ran_orchestration--ring--n10--routine_update--r1,0,0.09586776859504133,0
benign--ran_orchestration--ring--n15--containment_drill--r2::evt-2,benign--ran_orchestration--ring--n15--containment_drill--r2,0,0.09586776859504133,0
benign--ran_orchestration--ring--n15--routine_update--r3::evt-2,benign--ran_orchestration--ring--n15--routine_update--r3,0,0.6928104575163399,1
benign--ran_orchestration--ring--n15--routine_update--r3::evt-4,benign--ran_orchestration--ring--n15--routine_update--r3,0,0.09586776859504133,0
benign--ran_orchestration--ring--n20--maintenance_notice--r2::evt-2,benign--ran_orchestration--ring--n20--maintenance_notice--r2,0,0.6928104575163399,1
benign--ran_orchestration--ring--n20--maintenance_notice--r2::evt-5,benign--ran_orchestration--ring--n20--maintenance_notice--r2,0,0.6928104575163399,1
benign--ran_orchestration--ring--n20--maintenance_notice--r2::evt-8,benign--ran_orchestration--ring--n20--maintenance_notice--r2,0,0.09586776859504133,0
benign--ran_orchestration--ring--n20--maintenance_notice--r6::evt-2,benign--ran_orchestration--ring--n20--maintenance_notice--r6,0,0.6928104575163399,1
benign--ran_orchestration--ring--n20--routine_update--r1::evt-2,benign--ran_orchestration--ring--n20--routine_update--r1,0,0.09586776859504133,0
benign--ran_orchestration--ring--n20--routine_update--r1::evt-4,benign--ran_orchestration--ring--n20--routine_update--r1,0,0.09586776859504133,0
benign--ran_orchestration--ring--n20--routine_update--r5::evt-2,benign--ran_orchestration--ring--n20--routine_update--r5,0,0.09586776859504133,0
benign--ran_orchestration--ring--n8--containment_drill--r6::evt-2,benign--ran_orchestration--ring--n8--containment_drill--r6,0,0.09586776859504133,0
benign--ran_orchestration--ring--n8--containment_drill--r6::evt-5,benign--ran_orchestration--ring--n8--containment_drill--r6,0,0.09586776859504133,0
benign--ran_orchestration--ring--n8--containment_drill--r6::evt-7,benign--ran_orchestration--ring--n8--containment_drill--r6,0,0.09586776859504133,0
benign--ran_orchestration--ring--n8--containment_drill--r6::evt-8,benign--ran_orchestration--ring--n8--containment_drill--r6,0,0.6928104575163399,1
benign--ran_orchestration--ring--n8--containment_drill--r6::evt-10,benign--ran_orchestration--ring--n8--containment_drill--r6,0,0.09586776859504133,0
benign--ran_orchestration--star--n10--maintenance_notice--r4::evt-4,benign--ran_orchestration--star--n10--maintenance_notice--r4,0,0.09586776859504133,0
benign--ran_orchestration--star--n10--routine_update--r3::evt-2,benign--ran_orchestration--star--n10--routine_update--r3,0,0.6928104575163399,1
benign--ran_orchestration--star--n10--routine_update--r3::evt-4,benign--ran_orchestration--star--n10--routine_update--r3,0,0.09586776859504133,0
benign--ran_orchestration--star--n15--maintenance_notice--r2::evt-2,benign--ran_orchestration--star--n15--maintenance_notice--r2,0,0.09586776859504133,0
benign--ran_orchestration--star--n20--containment_drill--r2::evt-2,benign--ran_orchestration--star--n20--containment_drill--r2,0,0.09586776859504133,0
benign--ran_orchestration--star--n8--containment_drill--r4::evt-2,benign--ran_orchestration--star--n8--containment_drill--r4,0,0.6928104575163399,1
benign--ran_orchestration--star--n8--containment_drill--r4::evt-4,benign--ran_orchestration--star--n8--containment_drill--r4,0,0.6928104575163399,1
benign--ran_orchestration--star--n8--containment_drill--r4::evt-6,benign--ran_orchestration--star--n8--containment_drill--r4,0,0.09586776859504133,0
benign--slice_management--chain--n15--routine_update--r5::evt-2,benign--slice_management--chain--n15--routine_update--r5,0,0.09586776859504133,0
benign--slice_management--chain--n15--routine_update--r5::evt-4,benign--slice_management--chain--n15--routine_update--r5,0,0.6928104575163399,1
benign--slice_management--chain--n15--routine_update--r5::evt-6,benign--slice_management--chain--n15--routine_update--r5,0,0.6928104575163399,1
benign--slice_management--chain--n15--routine_update--r5::evt-8,benign--slice_management--chain--n15--routine_update--r5,0,0.09586776859504133,0
benign--slice_management--chain--n15--routine_update--r5::evt-10,benign--slice_management--chain--n15--routine_update--r5,0,0.09586776859504133,0
benign--slice_management--chain--n20--containment_drill--r2::evt-2,benign--slice_management--chain--n20--containment_drill--r2,0,0.09586776859504133,0
benign--slice_management--chain--n20--maintenance_notice--r4::evt-2,benign--slice_management--chain--n20--maintenance_notice--r4,0,0.09586776859504133,0
benign--slice_management--chain--n20--maintenance_notice--r4::evt-4,benign--slice_management--chain--n20--maintenance_notice--r4,0,0.6928104575163399,1
benign--slice_management--chain--n4--containment_drill--r2::evt-2,benign--slice_management--chain--n4--containment_drill--r2,0,0.6928104575163399,1
benign--slice_management--chain--n4--containment_drill--r2::evt-5,benign--slice_management--chain--n4--containment_drill--r2,0,0.09586776859504133,0
benign--slice_management--chain--n4--containment_drill--r2::evt-6,benign--slice_management--chain--n4--containment_drill--r2,0,0.09586776859504133,0
benign--slice_management--chain--n4--containment_drill--r2::evt-8,benign--slice_management--chain--n4--containment_drill--r2,0,0.09586776859504133,0
benign--slice_management--chain--n4--routine_update--r3::evt-2,benign--slice_management--chain--n4--routine_update--r3,0,0.09586776859504133,0
benign--slice_management--chain--n8--routine_update--r1::evt-2,benign--slice_management--chain--n8--routine_update--r1,0,0.09586776859504133,0
benign--slice_management--mesh_lite--n15--containment_drill--r6::evt-2,benign--slice_management--mesh_lite--n15--containment_drill--r6,0,0.09586776859504133,0
benign--slice_management--mesh_lite--n15--quoted_attack_review--r5::evt-2,benign--slice_management--mesh_lite--n15--quoted_attack_review--r5,0,0.09586776859504133,0
benign--slice_management--mesh_lite--n4--maintenance_notice--r2::evt-2,benign--slice_management--mesh_lite--n4--maintenance_notice--r2,0,0.6928104575163399,1
benign--slice_management--mesh_lite--n4--maintenance_notice--r2::evt-5,benign--slice_management--mesh_lite--n4--maintenance_notice--r2,0,0.09586776859504133,0
benign--slice_management--mesh_lite--n4--maintenance_notice--r2::evt-6,benign--slice_management--mesh_lite--n4--maintenance_notice--r2,0,0.09586776859504133,0
benign--slice_management--mesh_lite--n4--maintenance_notice--r2::evt-8,benign--slice_management--mesh_lite--n4--maintenance_notice--r2,0,0.09586776859504133,0
benign--slice_management--mesh_lite--n4--maintenance_notice--r6::evt-2,benign--slice_management--mesh_lite--n4--maintenance_notice--r6,0,0.09586776859504133,0
benign--slice_management--random_min_degree--n10--containment_drill--r2::evt-2,benign--slice_management--random_min_degree--n10--containment_drill--r2,0,0.09586776859504133,0
benign--slice_management--random_min_degree--n10--routine_update--r3::evt-2,benign--slice_management--random_min_degree--n10--routine_update--r3,0,0.09586776859504133,0
benign--slice_management--random_min_degree--n15--routine_update--r5::evt-6,benign--slice_management--random_min_degree--n15--routine_update--r5,0,0.09586776859504133,0
benign--slice_management--random_min_degree--n20--containment_drill--r2::evt-2,benign--slice_management--random_min_degree--n20--containment_drill--r2,0,0.09586776859504133,0
benign--slice_management--random_min_degree--n8--maintenance_notice--r2::evt-2,benign--slice_management--random_min_degree--n8--maintenance_notice--r2,0,0.09586776859504133,0
benign--slice_management--random_min_degree--n8--quoted_attack_review--r3::evt-2,benign--slice_management--random_min_degree--n8--quoted_attack_review--r3,0,0.09586776859504133,0
benign--slice_management--ring--n10--containment_drill--r2::evt-2,benign--slice_management--ring--n10--containment_drill--r2,0,0.09586776859504133,0
benign--slice_management--ring--n15--containment_drill--r4::evt-2,benign--slice_management--ring--n15--containment_drill--r4,0,0.09586776859504133,0
benign--slice_management--ring--n20--containment_drill--r2::evt-2,benign--slice_management--ring--n20--containment_drill--r2,0,0.09586776859504133,0
benign--slice_management--ring--n4--containment_drill--r2::evt-2,benign--slice_management--ring--n4--containment_drill--r2,0,0.09586776859504133,0
benign--slice_management--ring--n4--containment_drill--r6::evt-2,benign--slice_management--ring--n4--containment_drill--r6,0,0.09586776859504133,0
benign--slice_management--ring--n8--maintenance_notice--r2::evt-2,benign--slice_management--ring--n8--maintenance_notice--r2,0,0.09586776859504133,0
benign--slice_management--ring--n8--maintenance_notice--r6::evt-2,benign--slice_management--ring--n8--maintenance_notice--r6,0,0.09586776859504133,0
benign--slice_management--ring--n8--routine_update--r1::evt-2,benign--slice_management--ring--n8--routine_update--r1,0,0.09586776859504133,0
benign--slice_management--ring--n8--routine_update--r1::evt-4,benign--slice_management--ring--n8--routine_update--r1,0,0.6928104575163399,1
benign--slice_management--star--n10--maintenance_notice--r6::evt-2,benign--slice_management--star--n10--maintenance_notice--r6,0,0.09586776859504133,0
benign--slice_management--star--n10--maintenance_notice--r6::evt-4,benign--slice_management--star--n10--maintenance_notice--r6,0,0.09586776859504133,0
benign--slice_management--star--n10--quoted_attack_review--r3::evt-2,benign--slice_management--star--n10--quoted_attack_review--r3,0,0.09586776859504133,0
benign--slice_management--star--n10--quoted_attack_review--r3::evt-4,benign--slice_management--star--n10--quoted_attack_review--r3,0,0.09586776859504133,0
benign--slice_management--star--n20--maintenance_notice--r2::evt-2,benign--slice_management--star--n20--maintenance_notice--r2,0,0.09586776859504133,0
benign--slice_management--star--n4--routine_update--r5::evt-2,benign--slice_management--star--n4--routine_update--r5,0,0.09586776859504133,0
benign--slice_management--star--n4--routine_update--r5::evt-4,benign--slice_management--star--n4--routine_update--r5,0,0.09586776859504133,0
benign--slice_management--star--n8--maintenance_notice--r4::evt-2,benign--slice_management--star--n8--maintenance_notice--r4,0,0.6928104575163399,1
benign--slice_management--star--n8--maintenance_notice--r4::evt-4,benign--slice_management--star--n8--maintenance_notice--r4,0,0.09586776859504133,0
mal--assurance_triage--chain--n15--exfiltration_propagation--r1::evt-2,mal--assurance_triage--chain--n15--exfiltration_propagation--r1,1,0.6928104575163399,1
mal--assurance_triage--chain--n15--exfiltration_propagation--r1::evt-4,mal--assurance_triage--chain--n15--exfiltration_propagation--r1,1,0.6928104575163399,1
mal--assurance_triage--chain--n15--exfiltration_propagation--r1::evt-6,mal--assurance_triage--chain--n15--exfiltration_propagation--r1,0,0.09586776859504133,0
mal--assurance_triage--chain--n15--exfiltration_propagation--r1::evt-8,mal--assurance_triage--chain--n15--exfiltration_propagation--r1,0,0.09586776859504133,0
mal--assurance_triage--chain--n15--guard_suppression--r5::evt-5,mal--assurance_triage--chain--n15--guard_suppression--r5,1,0.09586776859504133,0
mal--assurance_triage--chain--n15--guard_suppression--r5::evt-7,mal--assurance_triage--chain--n15--guard_suppression--r5,0,0.09586776859504133,0
mal--assurance_triage--chain--n15--guard_suppression--r5::evt-8,mal--assurance_triage--chain--n15--guard_suppression--r5,0,0.09586776859504133,0
mal--assurance_triage--chain--n8--guard_suppression--r2::evt-2,mal--assurance_triage--chain--n8--guard_suppression--r2,1,0.6928104575163399,1
mal--assurance_triage--chain--n8--guard_suppression--r2::evt-5,mal--assurance_triage--chain--n8--guard_suppression--r2,0,0.09586776859504133,0
mal--assurance_triage--chain--n8--guard_suppression--r2::evt-10,mal--assurance_triage--chain--n8--guard_suppression--r2,0,0.09586776859504133,0
mal--assurance_triage--random_min_degree--n10--control_plane_worm--r4::evt-2,mal--assurance_triage--random_min_degree--n10--control_plane_worm--r4,1,0.09586776859504133,0
mal--assurance_triage--random_min_degree--n10--control_plane_worm--r4::evt-5,mal--assurance_triage--random_min_degree--n10--control_plane_worm--r4,0,0.09586776859504133,0
mal--assurance_triage--random_min_degree--n10--control_plane_worm--r4::evt-7,mal--assurance_triage--random_min_degree--n10--control_plane_worm--r4,0,0.09586776859504133,0
mal--assurance_triage--random_min_degree--n10--control_plane_worm--r4::evt-8,mal--assurance_triage--random_min_degree--n10--control_plane_worm--r4,1,0.6928104575163399,1
mal--assurance_triage--random_min_degree--n10--control_plane_worm--r4::evt-10,mal--assurance_triage--random_min_degree--n10--control_plane_worm--r4,1,0.6928104575163399,1
mal--assurance_triage--random_min_degree--n10--control_plane_worm--r4::evt-12,mal--assurance_triage--random_min_degree--n10--control_plane_worm--r4,1,0.6928104575163399,1
mal--assurance_triage--random_min_degree--n15--guard_suppression--r5::evt-2,mal--assurance_triage--random_min_degree--n15--guard_suppression--r5,1,0.6928104575163399,1
mal--assurance_triage--random_min_degree--n15--guard_suppression--r5::evt-5,mal--assurance_triage--random_min_degree--n15--guard_suppression--r5,1,0.6928104575163399,1
mal--assurance_triage--random_min_degree--n15--guard_suppression--r5::evt-8,mal--assurance_triage--random_min_degree--n15--guard_suppression--r5,0,0.09586776859504133,0
mal--assurance_triage--random_min_degree--n15--recovery_poisoning--r2::evt-5,mal--assurance_triage--random_min_degree--n15--recovery_poisoning--r2,0,0.09586776859504133,0
mal--assurance_triage--random_min_degree--n15--recovery_poisoning--r2::evt-6,mal--assurance_triage--random_min_degree--n15--recovery_poisoning--r2,1,0.6928104575163399,1
mal--assurance_triage--random_min_degree--n15--recovery_poisoning--r2::evt-8,mal--assurance_triage--random_min_degree--n15--recovery_poisoning--r2,1,0.6928104575163399,1
mal--assurance_triage--random_min_degree--n15--recovery_poisoning--r2::evt-10,mal--assurance_triage--random_min_degree--n15--recovery_poisoning--r2,0,0.09586776859504133,0
mal--assurance_triage--random_min_degree--n20--recovery_poisoning--r6::evt-2,mal--assurance_triage--random_min_degree--n20--recovery_poisoning--r6,1,0.6928104575163399,1
mal--assurance_triage--random_min_degree--n20--recovery_poisoning--r6::evt-5,mal--assurance_triage--random_min_degree--n20--recovery_poisoning--r6,1,0.6928104575163399,1
mal--assurance_triage--random_min_degree--n20--recovery_poisoning--r6::evt-7,mal--assurance_triage--random_min_degree--n20--recovery_poisoning--r6,0,0.09586776859504133,0
mal--assurance_triage--random_min_degree--n4--guard_suppression--r3::evt-2,mal--assurance_triage--random_min_degree--n4--guard_suppression--r3,1,0.09586776859504133,0
mal--assurance_triage--random_min_degree--n4--guard_suppression--r3::evt-5,mal--assurance_triage--random_min_degree--n4--guard_suppression--r3,0,0.09586776859504133,0
mal--assurance_triage--random_min_degree--n4--guard_suppression--r3::evt-6,mal--assurance_triage--random_min_degree--n4--guard_suppression--r3,0,0.09586776859504133,0
mal--assurance_triage--random_min_degree--n4--guard_suppression--r3::evt-9,mal--assurance_triage--random_min_degree--n4--guard_suppression--r3,0,0.09586776859504133,0
mal--assurance_triage--random_min_degree--n8--exfiltration_propagation--r2::evt-2,mal--assurance_triage--random_min_degree--n8--exfiltration_propagation--r2,1,0.6928104575163399,1
mal--assurance_triage--random_min_degree--n8--exfiltration_propagation--r2::evt-6,mal--assurance_triage--random_min_degree--n8--exfiltration_propagation--r2,0,0.09586776859504133,0
mal--assurance_triage--random_min_degree--n8--exfiltration_propagation--r2::evt-10,mal--assurance_triage--random_min_degree--n8--exfiltration_propagation--r2,0,0.6928104575163399,1
mal--assurance_triage--random_min_degree--n8--exfiltration_propagation--r2::evt-12,mal--assurance_triage--random_min_degree--n8--exfiltration_propagation--r2,0,0.09586776859504133,0
mal--assurance_triage--ring--n15--guard_suppression--r5::evt-2,mal--assurance_triage--ring--n15--guard_suppression--r5,1,0.6928104575163399,1
mal--assurance_triage--ring--n15--guard_suppression--r5::evt-5,mal--assurance_triage--ring--n15--guard_suppression--r5,0,0.09586776859504133,0
mal--assurance_triage--ring--n15--guard_suppression--r5::evt-7,mal--assurance_triage--ring--n15--guard_suppression--r5,0,0.6928104575163399,1
mal--assurance_triage--ring--n15--guard_suppression--r5::evt-9,mal--assurance_triage--ring--n15--guard_suppression--r5,0,0.6928104575163399,1
mal--assurance_triage--ring--n15--guard_suppression--r5::evt-11,mal--assurance_triage--ring--n15--guard_suppression--r5,0,0.09586776859504133,0
mal--assurance_triage--ring--n15--recovery_poisoning--r2::evt-2,mal--assurance_triage--ring--n15--recovery_poisoning--r2,1,0.09586776859504133,0
mal--assurance_triage--ring--n15--recovery_poisoning--r2::evt-6,mal--assurance_triage--ring--n15--recovery_poisoning--r2,1,0.6928104575163399,1
mal--assurance_triage--ring--n15--recovery_poisoning--r2::evt-8,mal--assurance_triage--ring--n15--recovery_poisoning--r2,0,0.09586776859504133,0
mal--assurance_triage--ring--n20--slice_takeover--r3::evt-6,mal--assurance_triage--ring--n20--slice_takeover--r3,0,0.09586776859504133,0
mal--assurance_triage--ring--n20--slice_takeover--r3::evt-8,mal--assurance_triage--ring--n20--slice_takeover--r3,0,0.09586776859504133,0
mal--assurance_triage--ring--n8--control_plane_worm--r5::evt-2,mal--assurance_triage--ring--n8--control_plane_worm--r5,1,0.6928104575163399,1
mal--assurance_triage--ring--n8--control_plane_worm--r5::evt-5,mal--assurance_triage--ring--n8--control_plane_worm--r5,1,0.6928104575163399,1
mal--assurance_triage--ring--n8--control_plane_worm--r5::evt-12,mal--assurance_triage--ring--n8--control_plane_worm--r5,0,0.09586776859504133,0
mal--assurance_triage--star--n15--control_plane_worm--r3::evt-2,mal--assurance_triage--star--n15--control_plane_worm--r3,1,0.09586776859504133,0
mal--assurance_triage--star--n15--control_plane_worm--r3::evt-4,mal--assurance_triage--star--n15--control_plane_worm--r3,0,0.09586776859504133,0
mal--assurance_triage--star--n15--guard_suppression--r5::evt-2,mal--assurance_triage--star--n15--guard_suppression--r5,1,0.6928104575163399,1
mal--assurance_triage--star--n15--guard_suppression--r5::evt-4,mal--assurance_triage--star--n15--guard_suppression--r5,0,0.09586776859504133,0
mal--assurance_triage--star--n15--recovery_poisoning--r2::evt-2,mal--assurance_triage--star--n15--recovery_poisoning--r2,1,0.6928104575163399,1
mal--assurance_triage--star--n15--recovery_poisoning--r2::evt-4,mal--assurance_triage--star--n15--recovery_poisoning--r2,0,0.09586776859504133,0
mal--assurance_triage--star--n15--recovery_poisoning--r2::evt-8,mal--assurance_triage--star--n15--recovery_poisoning--r2,0,0.09586776859504133,0
mal--assurance_triage--star--n15--recovery_poisoning--r2::evt-9,mal--assurance_triage--star--n15--recovery_poisoning--r2,0,0.09586776859504133,0
mal--assurance_triage--star--n15--recovery_poisoning--r2::evt-10,mal--assurance_triage--star--n15--recovery_poisoning--r2,0,0.09586776859504133,0
mal--assurance_triage--star--n15--slice_takeover--r4::evt-2,mal--assurance_triage--star--n15--slice_takeover--r4,1,0.6928104575163399,1
mal--assurance_triage--star--n15--slice_takeover--r4::evt-4,mal--assurance_triage--star--n15--slice_takeover--r4,0,0.09586776859504133,0
mal--assurance_triage--star--n20--slice_takeover--r3::evt-2,mal--assurance_triage--star--n20--slice_takeover--r3,1,0.6928104575163399,1
mal--assurance_triage--star--n20--slice_takeover--r3::evt-4,mal--assurance_triage--star--n20--slice_takeover--r3,0,0.09586776859504133,0
mal--assurance_triage--star--n4--recovery_poisoning--r5::evt-2,mal--assurance_triage--star--n4--recovery_poisoning--r5,1,0.09586776859504133,0
mal--assurance_triage--star--n4--recovery_poisoning--r5::evt-6,mal--assurance_triage--star--n4--recovery_poisoning--r5,0,0.09586776859504133,0
mal--assurance_triage--star--n4--recovery_poisoning--r5::evt-8,mal--assurance_triage--star--n4--recovery_poisoning--r5,0,0.09586776859504133,0
mal--edge_mesh--chain--n10--recovery_poisoning--r1::evt-2,mal--edge_mesh--chain--n10--recovery_poisoning--r1,1,0.6928104575163399,1
mal--edge_mesh--chain--n10--recovery_poisoning--r1::evt-4,mal--edge_mesh--chain--n10--recovery_poisoning--r1,0,0.09586776859504133,0
mal--edge_mesh--chain--n10--recovery_poisoning--r1::evt-6,mal--edge_mesh--chain--n10--recovery_poisoning--r1,0,0.09586776859504133,0
mal--edge_mesh--chain--n10--recovery_poisoning--r1::evt-8,mal--edge_mesh--chain--n10--recovery_poisoning--r1,0,0.09586776859504133,0
mal--edge_mesh--chain--n15--control_plane_worm--r3::evt-4,mal--edge_mesh--chain--n15--control_plane_worm--r3,1,0.09586776859504133,0
mal--edge_mesh--chain--n20--slice_takeover--r3::evt-2,mal--edge_mesh--chain--n20--slice_takeover--r3,1,0.6928104575163399,1
mal--edge_mesh--chain--n20--slice_takeover--r3::evt-8,mal--edge_mesh--chain--n20--slice_takeover--r3,1,0.6928104575163399,1
mal--edge_mesh--chain--n20--slice_takeover--r3::evt-10,mal--edge_mesh--chain--n20--slice_takeover--r3,0,0.09586776859504133,0
mal--edge_mesh--chain--n4--slice_takeover--r2::evt-2,mal--edge_mesh--chain--n4--slice_takeover--r2,1,0.6928104575163399,1
mal--edge_mesh--chain--n4--slice_takeover--r2::evt-5,mal--edge_mesh--chain--n4--slice_takeover--r2,1,0.09586776859504133,0
mal--edge_mesh--chain--n4--slice_takeover--r2::evt-7,mal--edge_mesh--chain--n4--slice_takeover--r2,0,0.09586776859504133,0
mal--edge_mesh--chain--n8--exfiltration_propagation--r2::evt-2,mal--edge_mesh--chain--n8--exfiltration_propagation--r2,1,0.6928104575163399,1
mal--edge_mesh--chain--n8--exfiltration_propagation--r2::evt-5,mal--edge_mesh--chain--n8--exfiltration_propagation--r2,0,0.09586776859504133,0
mal--edge_mesh--chain--n8--exfiltration_propagation--r3::evt-5,mal--edge_mesh--chain--n8--exfiltration_propagation--r3,0,0.09586776859504133,0
mal--edge_mesh--chain--n8--exfiltration_propagation--r3::evt-8,mal--edge_mesh--chain--n8--exfiltration_propagation--r3,0,0.09586776859504133,0
mal--edge_mesh--random_min_degree--n10--control_plane_worm--r2::evt-2,mal--edge_mesh--random_min_degree--n10--control_plane_worm--r2,1,0.6928104575163399,1
mal--edge_mesh--random_min_degree--n10--control_plane_worm--r2::evt-5,mal--edge_mesh--random_min_degree--n10--control_plane_worm--r2,0,0.09586776859504133,0
mal--edge_mesh--random_min_degree--n10--control_plane_worm--r2::evt-6,mal--edge_mesh--random_min_degree--n10--control_plane_worm--r2,1,0.09586776859504133,0
mal--edge_mesh--random_min_degree--n10--control_plane_worm--r2::evt-8,mal--edge_mesh--random_min_degree--n10--control_plane_worm--r2,0,0.09586776859504133,0
mal--edge_mesh--random_min_degree--n10--control_plane_worm--r2::evt-10,mal--edge_mesh--random_min_degree--n10--control_plane_worm--r2,0,0.09586776859504133,0
mal--edge_mesh--random_min_degree--n8--exfiltration_propagation--r2::evt-2,mal--edge_mesh--random_min_degree--n8--exfiltration_propagation--r2,1,0.6928104575163399,1
mal--edge_mesh--random_min_degree--n8--exfiltration_propagation--r2::evt-6,mal--edge_mesh--random_min_degree--n8--exfiltration_propagation--r2,0,0.09586776859504133,0
mal--edge_mesh--random_min_degree--n8--exfiltration_propagation--r2::evt-7,mal--edge_mesh--random_min_degree--n8--exfiltration_propagation--r2,1,0.6928104575163399,1
mal--edge_mesh--random_min_degree--n8--exfiltration_propagation--r2::evt-11,mal--edge_mesh--random_min_degree--n8--exfiltration_propagation--r2,0,0.6928104575163399,1
mal--edge_mesh--random_min_degree--n8--exfiltration_propagation--r2::evt-15,mal--edge_mesh--random_min_degree--n8--exfiltration_propagation--r2,0,0.09586776859504133,0
mal--edge_mesh--random_min_degree--n8--exfiltration_propagation--r2::evt-16,mal--edge_mesh--random_min_degree--n8--exfiltration_propagation--r2,0,0.09586776859504133,0
mal--edge_mesh--ring--n10--exfiltration_propagation--r2::evt-2,mal--edge_mesh--ring--n10--exfiltration_propagation--r2,1,0.09586776859504133,0
mal--edge_mesh--ring--n10--exfiltration_propagation--r2::evt-5,mal--edge_mesh--ring--n10--exfiltration_propagation--r2,1,0.6928104575163399,1
mal--edge_mesh--ring--n10--recovery_poisoning--r3::evt-2,mal--edge_mesh--ring--n10--recovery_poisoning--r3,1,0.6928104575163399,1
mal--edge_mesh--ring--n10--recovery_poisoning--r3::evt-8,mal--edge_mesh--ring--n10--recovery_poisoning--r3,1,0.6928104575163399,1
mal--edge_mesh--ring--n10--recovery_poisoning--r3::evt-10,mal--edge_mesh--ring--n10--recovery_poisoning--r3,1,0.6928104575163399,1
mal--edge_mesh--ring--n8--guard_suppression--r2::evt-2,mal--edge_mesh--ring--n8--guard_suppression--r2,1,0.6928104575163399,1
mal--edge_mesh--ring--n8--guard_suppression--r2::evt-5,mal--edge_mesh--ring--n8--guard_suppression--r2,0,0.09586776859504133,0
mal--edge_mesh--star--n15--guard_suppression--r5::evt-4,mal--edge_mesh--star--n15--guard_suppression--r5,0,0.09586776859504133,0
mal--edge_mesh--star--n15--recovery_poisoning--r2::evt-2,mal--edge_mesh--star--n15--recovery_poisoning--r2,1,0.6928104575163399,1
mal--edge_mesh--star--n15--recovery_poisoning--r2::evt-4,mal--edge_mesh--star--n15--recovery_poisoning--r2,0,0.09586776859504133,0
mal--edge_mesh--star--n20--recovery_poisoning--r2::evt-2,mal--edge_mesh--star--n20--recovery_poisoning--r2,1,0.6928104575163399,1
mal--edge_mesh--star--n20--recovery_poisoning--r2::evt-4,mal--edge_mesh--star--n20--recovery_poisoning--r2,0,0.09586776859504133,0
mal--edge_mesh--star--n20--recovery_poisoning--r2::evt-6,mal--edge_mesh--star--n20--recovery_poisoning--r2,0,0.09586776859504133,0
mal--edge_mesh--star--n4--control_plane_worm--r6::evt-2,mal--edge_mesh--star--n4--control_plane_worm--r6,1,0.6928104575163399,1
mal--edge_mesh--star--n8--control_plane_worm--r5::evt-2,mal--edge_mesh--star--n8--control_plane_worm--r5,1,0.6928104575163399,1
mal--edge_mesh--star--n8--control_plane_worm--r5::evt-4,mal--edge_mesh--star--n8--control_plane_worm--r5,0,0.09586776859504133,0
mal--edge_mesh--star--n8--exfiltration_propagation--r2::evt-2,mal--edge_mesh--star--n8--exfiltration_propagation--r2,1,0.6928104575163399,1
mal--edge_mesh--star--n8--exfiltration_propagation--r2::evt-6,mal--edge_mesh--star--n8--exfiltration_propagation--r2,0,0.09586776859504133,0
mal--edge_mesh--star--n8--slice_takeover--r6::evt-2,mal--edge_mesh--star--n8--slice_takeover--r6,1,0.6928104575163399,1
mal--edge_mesh--star--n8--slice_takeover--r6::evt-4,mal--edge_mesh--star--n8--slice_takeover--r6,0,0.09586776859504133,0
mal--ran_orchestration--chain--n10--recovery_poisoning--r1::evt-2,mal--ran_orchestration--chain--n10--recovery_poisoning--r1,1,0.6928104575163399,1
mal--ran_orchestration--chain--n10--recovery_poisoning--r1::evt-4,mal--ran_orchestration--chain--n10--recovery_poisoning--r1,1,0.6928104575163399,1
mal--ran_orchestration--chain--n10--recovery_poisoning--r1::evt-6,mal--ran_orchestration--chain--n10--recovery_poisoning--r1,1,0.6928104575163399,1
mal--ran_orchestration--chain--n10--recovery_poisoning--r3::evt-2,mal--ran_orchestration--chain--n10--recovery_poisoning--r3,1,0.09586776859504133,0
mal--ran_orchestration--chain--n10--recovery_poisoning--r3::evt-10,mal--ran_orchestration--chain--n10--recovery_poisoning--r3,1,0.6928104575163399,1
mal--ran_orchestration--chain--n10--recovery_poisoning--r3::evt-12,mal--ran_orchestration--chain--n10--recovery_poisoning--r3,0,0.09586776859504133,0
mal--ran_orchestration--chain--n15--guard_suppression--r5::evt-2,mal--ran_orchestration--chain--n15--guard_suppression--r5,1,0.6928104575163399,1
mal--ran_orchestration--chain--n15--guard_suppression--r5::evt-5,mal--ran_orchestration--chain--n15--guard_suppression--r5,1,0.6928104575163399,1
mal--ran_orchestration--chain--n15--guard_suppression--r5::evt-7,mal--ran_orchestration--chain--n15--guard_suppression--r5,0,0.09586776859504133,0
mal--ran_orchestration--chain--n15--guard_suppression--r5::evt-12,mal--ran_orchestration--chain--n15--guard_suppression--r5,1,0.6928104575163399,1
mal--ran_orchestration--chain--n15--guard_suppression--r5::evt-14,mal--ran_orchestration--chain--n15--guard_suppression--r5,1,0.6928104575163399,1
mal--ran_orchestration--chain--n15--guard_suppression--r5::evt-16,mal--ran_orchestration--chain--n15--guard_suppression--r5,1,0.09586776859504133,0
mal--ran_orchestration--chain--n15--recovery_poisoning--r2::evt-2,mal--ran_orchestration--chain--n15--recovery_poisoning--r2,1,0.6928104575163399,1
mal--ran_orchestration--chain--n15--recovery_poisoning--r2::evt-5,mal--ran_orchestration--chain--n15--recovery_poisoning--r2,0,0.09586776859504133,0
mal--ran_orchestration--chain--n15--recovery_poisoning--r2::evt-8,mal--ran_orchestration--chain--n15--recovery_poisoning--r2,1,0.6928104575163399,1
mal--ran_orchestration--chain--n15--recovery_poisoning--r2::evt-10,mal--ran_orchestration--chain--n15--recovery_poisoning--r2,0,0.09586776859504133,0
mal--ran_orchestration--chain--n20--control_plane_worm--r2::evt-2,mal--ran_orchestration--chain--n20--control_plane_worm--r2,1,0.6928104575163399,1
mal--ran_orchestration--chain--n20--control_plane_worm--r2::evt-6,mal--ran_orchestration--chain--n20--control_plane_worm--r2,1,0.6928104575163399,1
mal--ran_orchestration--chain--n20--control_plane_worm--r2::evt-8,mal--ran_orchestration--chain--n20--control_plane_worm--r2,0,0.09586776859504133,0
mal--ran_orchestration--chain--n20--control_plane_worm--r2::evt-10,mal--ran_orchestration--chain--n20--control_plane_worm--r2,0,0.09586776859504133,0
mal--ran_orchestration--chain--n20--control_plane_worm--r2::evt-12,mal--ran_orchestration--chain--n20--control_plane_worm--r2,0,0.09586776859504133,0
mal--ran_orchestration--chain--n20--recovery_poisoning--r1::evt-2,mal--ran_orchestration--chain--n20--recovery_poisoning--r1,1,0.09586776859504133,0
mal--ran_orchestration--chain--n20--recovery_poisoning--r1::evt-4,mal--ran_orchestration--chain--n20--recovery_poisoning--r1,1,0.6928104575163399,1
mal--ran_orchestration--chain--n20--recovery_poisoning--r1::evt-6,mal--ran_orchestration--chain--n20--recovery_poisoning--r1,1,0.6928104575163399,1
mal--ran_orchestration--chain--n20--recovery_poisoning--r1::evt-8,mal--ran_orchestration--chain--n20--recovery_poisoning--r1,1,0.09586776859504133,0
mal--ran_orchestration--chain--n20--recovery_poisoning--r1::evt-10,mal--ran_orchestration--chain--n20--recovery_poisoning--r1,0,0.09586776859504133,0
mal--ran_orchestration--chain--n20--recovery_poisoning--r2::evt-2,mal--ran_orchestration--chain--n20--recovery_poisoning--r2,1,0.6928104575163399,1
mal--ran_orchestration--chain--n20--recovery_poisoning--r2::evt-6,mal--ran_orchestration--chain--n20--recovery_poisoning--r2,0,0.09586776859504133,0
mal--ran_orchestration--chain--n20--slice_takeover--r3::evt-2,mal--ran_orchestration--chain--n20--slice_takeover--r3,1,0.6928104575163399,1
mal--ran_orchestration--chain--n20--slice_takeover--r3::evt-6,mal--ran_orchestration--chain--n20--slice_takeover--r3,0,0.09586776859504133,0
mal--ran_orchestration--chain--n4--control_plane_worm--r6::evt-2,mal--ran_orchestration--chain--n4--control_plane_worm--r6,1,0.6928104575163399,1
mal--ran_orchestration--chain--n4--control_plane_worm--r6::evt-5,mal--ran_orchestration--chain--n4--control_plane_worm--r6,0,0.09586776859504133,0
mal--ran_orchestration--chain--n4--exfiltration_propagation--r4::evt-2,mal--ran_orchestration--chain--n4--exfiltration_propagation--r4,1,0.09586776859504133,0
mal--ran_orchestration--chain--n4--exfiltration_propagation--r4::evt-4,mal--ran_orchestration--chain--n4--exfiltration_propagation--r4,1,0.6928104575163399,1
mal--ran_orchestration--mesh_lite--n10--recovery_poisoning--r3::evt-6,mal--ran_orchestration--mesh_lite--n10--recovery_poisoning--r3,0,0.09586776859504133,0
mal--ran_orchestration--mesh_lite--n10--recovery_poisoning--r3::evt-8,mal--ran_orchestration--mesh_lite--n10--recovery_poisoning--r3,0,0.09586776859504133,0
mal--ran_orchestration--mesh_lite--n10--recovery_poisoning--r3::evt-11,mal--ran_orchestration--mesh_lite--n10--recovery_poisoning--r3,0,0.6928104575163399,1
mal--ran_orchestration--mesh_lite--n10--recovery_poisoning--r3::evt-13,mal--ran_orchestration--mesh_lite--n10--recovery_poisoning--r3,0,0.09586776859504133,0
mal--ran_orchestration--mesh_lite--n10--recovery_poisoning--r3::evt-16,mal--ran_orchestration--mesh_lite--n10--recovery_poisoning--r3,0,0.09586776859504133,0
mal--ran_orchestration--mesh_lite--n10--recovery_poisoning--r3::evt-18,mal--ran_orchestration--mesh_lite--n10--recovery_poisoning--r3,0,0.09586776859504133,0
mal--ran_orchestration--mesh_lite--n10--recovery_poisoning--r3::evt-21,mal--ran_orchestration--mesh_lite--n10--recovery_poisoning--r3,0,0.09586776859504133,0
mal--ran_orchestration--mesh_lite--n10--recovery_poisoning--r3::evt-24,mal--ran_orchestration--mesh_lite--n10--recovery_poisoning--r3,0,0.09586776859504133,0
mal--ran_orchestration--mesh_lite--n15--recovery_poisoning--r2::evt-5,mal--ran_orchestration--mesh_lite--n15--recovery_poisoning--r2,0,0.09586776859504133,0
mal--ran_orchestration--mesh_lite--n15--recovery_poisoning--r2::evt-7,mal--ran_orchestration--mesh_lite--n15--recovery_poisoning--r2,0,0.09586776859504133,0
mal--ran_orchestration--mesh_lite--n15--recovery_poisoning--r2::evt-10,mal--ran_orchestration--mesh_lite--n15--recovery_poisoning--r2,0,0.09586776859504133,0
mal--ran_orchestration--mesh_lite--n15--recovery_poisoning--r2::evt-14,mal--ran_orchestration--mesh_lite--n15--recovery_poisoning--r2,0,0.09586776859504133,0
mal--ran_orchestration--mesh_lite--n4--slice_takeover--r2::evt-2,mal--ran_orchestration--mesh_lite--n4--slice_takeover--r2,1,0.6928104575163399,1
mal--ran_orchestration--mesh_lite--n4--slice_takeover--r2::evt-6,mal--ran_orchestration--mesh_lite--n4--slice_takeover--r2,0,0.09586776859504133,0
mal--ran_orchestration--mesh_lite--n4--slice_takeover--r2::evt-7,mal--ran_orchestration--mesh_lite--n4--slice_takeover--r2,0,0.09586776859504133,0
mal--ran_orchestration--mesh_lite--n4--slice_takeover--r2::evt-8,mal--ran_orchestration--mesh_lite--n4--slice_takeover--r2,0,0.09586776859504133,0
mal--ran_orchestration--mesh_lite--n4--slice_takeover--r2::evt-11,mal--ran_orchestration--mesh_lite--n4--slice_takeover--r2,0,0.09586776859504133,0
mal--ran_orchestration--mesh_lite--n4--slice_takeover--r2::evt-13,mal--ran_orchestration--mesh_lite--n4--slice_takeover--r2,0,0.09586776859504133,0
mal--ran_orchestration--random_min_degree--n10--control_plane_worm--r4::evt-2,mal--ran_orchestration--random_min_degree--n10--control_plane_worm--r4,1,0.09586776859504133,0
mal--ran_orchestration--random_min_degree--n10--control_plane_worm--r4::evt-5,mal--ran_orchestration--random_min_degree--n10--control_plane_worm--r4,0,0.09586776859504133,0
mal--ran_orchestration--random_min_degree--n10--control_plane_worm--r4::evt-8,mal--ran_orchestration--random_min_degree--n10--control_plane_worm--r4,0,0.09586776859504133,0
mal--ran_orchestration--random_min_degree--n10--control_plane_worm--r4::evt-10,mal--ran_orchestration--random_min_degree--n10--control_plane_worm--r4,0,0.09586776859504133,0
mal--ran_orchestration--random_min_degree--n10--exfiltration_propagation--r2::evt-2,mal--ran_orchestration--random_min_degree--n10--exfiltration_propagation--r2,1,0.6928104575163399,1
mal--ran_orchestration--random_min_degree--n10--exfiltration_propagation--r2::evt-5,mal--ran_orchestration--random_min_degree--n10--exfiltration_propagation--r2,0,0.09586776859504133,0
mal--ran_orchestration--random_min_degree--n20--recovery_poisoning--r2::evt-2,mal--ran_orchestration--random_min_degree--n20--recovery_poisoning--r2,1,0.6928104575163399,1
mal--ran_orchestration--random_min_degree--n20--recovery_poisoning--r2::evt-6,mal--ran_orchestration--random_min_degree--n20--recovery_poisoning--r2,0,0.09586776859504133,0
mal--ran_orchestration--ring--n15--control_plane_worm--r3::evt-2,mal--ran_orchestration--ring--n15--control_plane_worm--r3,1,0.6928104575163399,1
mal--ran_orchestration--ring--n15--control_plane_worm--r3::evt-5,mal--ran_orchestration--ring--n15--control_plane_worm--r3,1,0.6928104575163399,1
mal--ran_orchestration--ring--n15--control_plane_worm--r3::evt-8,mal--ran_orchestration--ring--n15--control_plane_worm--r3,0,0.09586776859504133,0
mal--ran_orchestration--ring--n20--recovery_poisoning--r1::evt-2,mal--ran_orchestration--ring--n20--recovery_poisoning--r1,1,0.09586776859504133,0
mal--ran_orchestration--ring--n20--recovery_poisoning--r1::evt-4,mal--ran_orchestration--ring--n20--recovery_poisoning--r1,0,0.6928104575163399,1
mal--ran_orchestration--ring--n4--control_plane_worm--r6::evt-2,mal--ran_orchestration--ring--n4--control_plane_worm--r6,1,0.6928104575163399,1
mal--ran_orchestration--ring--n4--control_plane_worm--r6::evt-5,mal--ran_orchestration--ring--n4--control_plane_worm--r6,0,0.09586776859504133,0
mal--ran_orchestration--ring--n4--control_plane_worm--r6::evt-6,mal--ran_orchestration--ring--n4--control_plane_worm--r6,1,0.6928104575163399,1
mal--ran_orchestration--ring--n4--control_plane_worm--r6::evt-8,mal--ran_orchestration--ring--n4--control_plane_worm--r6,1,0.09586776859504133,0
mal--ran_orchestration--ring--n4--control_plane_worm--r6::evt-10,mal--ran_orchestration--ring--n4--control_plane_worm--r6,0,0.09586776859504133,0
mal--ran_orchestration--ring--n8--exfiltration_propagation--r3::evt-2,mal--ran_orchestration--ring--n8--exfiltration_propagation--r3,1,0.09586776859504133,0
mal--ran_orchestration--ring--n8--exfiltration_propagation--r3::evt-5,mal--ran_orchestration--ring--n8--exfiltration_propagation--r3,0,0.09586776859504133,0
mal--ran_orchestration--ring--n8--exfiltration_propagation--r3::evt-7,mal--ran_orchestration--ring--n8--exfiltration_propagation--r3,0,0.09586776859504133,0
mal--ran_orchestration--star--n10--control_plane_worm--r2::evt-2,mal--ran_orchestration--star--n10--control_plane_worm--r2,1,0.6928104575163399,1
mal--ran_orchestration--star--n10--control_plane_worm--r2::evt-4,mal--ran_orchestration--star--n10--control_plane_worm--r2,1,0.09586776859504133,0
mal--ran_orchestration--star--n10--exfiltration_propagation--r2::evt-2,mal--ran_orchestration--star--n10--exfiltration_propagation--r2,1,0.6928104575163399,1
mal--ran_orchestration--star--n10--exfiltration_propagation--r2::evt-4,mal--ran_orchestration--star--n10--exfiltration_propagation--r2,0,0.09586776859504133,0
mal--ran_orchestration--star--n15--slice_takeover--r4::evt-2,mal--ran_orchestration--star--n15--slice_takeover--r4,1,0.6928104575163399,1
mal--ran_orchestration--star--n15--slice_takeover--r4::evt-4,mal--ran_orchestration--star--n15--slice_takeover--r4,0,0.09586776859504133,0
mal--ran_orchestration--star--n4--guard_suppression--r3::evt-2,mal--ran_orchestration--star--n4--guard_suppression--r3,1,0.6928104575163399,1
mal--ran_orchestration--star--n4--guard_suppression--r3::evt-4,mal--ran_orchestration--star--n4--guard_suppression--r3,1,0.09586776859504133,0
mal--ran_orchestration--star--n4--guard_suppression--r3::evt-6,mal--ran_orchestration--star--n4--guard_suppression--r3,0,0.09586776859504133,0
mal--ran_orchestration--star--n4--recovery_poisoning--r5::evt-2,mal--ran_orchestration--star--n4--recovery_poisoning--r5,1,0.09586776859504133,0
mal--ran_orchestration--star--n4--recovery_poisoning--r5::evt-7,mal--ran_orchestration--star--n4--recovery_poisoning--r5,0,0.09586776859504133,0
mal--ran_orchestration--star--n4--recovery_poisoning--r5::evt-8,mal--ran_orchestration--star--n4--recovery_poisoning--r5,0,0.09586776859504133,0
mal--ran_orchestration--star--n4--slice_takeover--r2::evt-2,mal--ran_orchestration--star--n4--slice_takeover--r2,1,0.6928104575163399,1
mal--ran_orchestration--star--n4--slice_takeover--r2::evt-4,mal--ran_orchestration--star--n4--slice_takeover--r2,0,0.09586776859504133,0
mal--ran_orchestration--star--n8--control_plane_worm--r5::evt-2,mal--ran_orchestration--star--n8--control_plane_worm--r5,1,0.6928104575163399,1
mal--ran_orchestration--star--n8--control_plane_worm--r5::evt-4,mal--ran_orchestration--star--n8--control_plane_worm--r5,0,0.09586776859504133,0
mal--ran_orchestration--star--n8--control_plane_worm--r5::evt-6,mal--ran_orchestration--star--n8--control_plane_worm--r5,0,0.09586776859504133,0
mal--ran_orchestration--star--n8--exfiltration_propagation--r3::evt-2,mal--ran_orchestration--star--n8--exfiltration_propagation--r3,1,0.6928104575163399,1
mal--ran_orchestration--star--n8--exfiltration_propagation--r3::evt-4,mal--ran_orchestration--star--n8--exfiltration_propagation--r3,1,0.09586776859504133,0
mal--ran_orchestration--star--n8--exfiltration_propagation--r3::evt-6,mal--ran_orchestration--star--n8--exfiltration_propagation--r3,0,0.09586776859504133,0
mal--slice_management--chain--n10--recovery_poisoning--r1::evt-2,mal--slice_management--chain--n10--recovery_poisoning--r1,1,0.09586776859504133,0
mal--slice_management--chain--n10--recovery_poisoning--r1::evt-4,mal--slice_management--chain--n10--recovery_poisoning--r1,1,0.6928104575163399,1
mal--slice_management--chain--n10--recovery_poisoning--r1::evt-8,mal--slice_management--chain--n10--recovery_poisoning--r1,0,0.09586776859504133,0
mal--slice_management--chain--n10--recovery_poisoning--r1::evt-10,mal--slice_management--chain--n10--recovery_poisoning--r1,0,0.09586776859504133,0
mal--slice_management--chain--n10--slice_takeover--r5::evt-2,mal--slice_management--chain--n10--slice_takeover--r5,1,0.6928104575163399,1
mal--slice_management--chain--n10--slice_takeover--r5::evt-4,mal--slice_management--chain--n10--slice_takeover--r5,1,0.6928104575163399,1
mal--slice_management--chain--n20--recovery_poisoning--r2::evt-2,mal--slice_management--chain--n20--recovery_poisoning--r2,1,0.09586776859504133,0
mal--slice_management--chain--n20--recovery_poisoning--r2::evt-6,mal--slice_management--chain--n20--recovery_poisoning--r2,0,0.09586776859504133,0
mal--slice_management--mesh_lite--n10--recovery_poisoning--r3::evt-2,mal--slice_management--mesh_lite--n10--recovery_poisoning--r3,1,0.09586776859504133,0
mal--slice_management--mesh_lite--n10--recovery_poisoning--r3::evt-6,mal--slice_management--mesh_lite--n10--recovery_poisoning--r3,0,0.09586776859504133,0
mal--slice_management--mesh_lite--n10--recovery_poisoning--r3::evt-8,mal--slice_management--mesh_lite--n10--recovery_poisoning--r3,0,0.09586776859504133,0
mal--slice_management--mesh_lite--n15--recovery_poisoning--r2::evt-6,mal--slice_management--mesh_lite--n15--recovery_poisoning--r2,1,0.09586776859504133,0
mal--slice_management--mesh_lite--n15--recovery_poisoning--r2::evt-8,mal--slice_management--mesh_lite--n15--recovery_poisoning--r2,1,0.09586776859504133,0
mal--slice_management--mesh_lite--n15--recovery_poisoning--r2::evt-12,mal--slice_management--mesh_lite--n15--recovery_poisoning--r2,0,0.09586776859504133,0
mal--slice_management--mesh_lite--n15--recovery_poisoning--r2::evt-16,mal--slice_management--mesh_lite--n15--recovery_poisoning--r2,1,0.6928104575163399,1
mal--slice_management--mesh_lite--n15--recovery_poisoning--r2::evt-20,mal--slice_management--mesh_lite--n15--recovery_poisoning--r2,0,0.09586776859504133,0
mal--slice_management--mesh_lite--n15--recovery_poisoning--r2::evt-21,mal--slice_management--mesh_lite--n15--recovery_poisoning--r2,1,0.6928104575163399,1
mal--slice_management--mesh_lite--n8--control_plane_worm--r5::evt-6,mal--slice_management--mesh_lite--n8--control_plane_worm--r5,0,0.09586776859504133,0
mal--slice_management--mesh_lite--n8--control_plane_worm--r5::evt-7,mal--slice_management--mesh_lite--n8--control_plane_worm--r5,0,0.09586776859504133,0
mal--slice_management--mesh_lite--n8--control_plane_worm--r5::evt-8,mal--slice_management--mesh_lite--n8--control_plane_worm--r5,1,0.6928104575163399,1
mal--slice_management--mesh_lite--n8--control_plane_worm--r5::evt-11,mal--slice_management--mesh_lite--n8--control_plane_worm--r5,1,0.6928104575163399,1
mal--slice_management--mesh_lite--n8--control_plane_worm--r5::evt-13,mal--slice_management--mesh_lite--n8--control_plane_worm--r5,0,0.09586776859504133,0
mal--slice_management--mesh_lite--n8--control_plane_worm--r5::evt-14,mal--slice_management--mesh_lite--n8--control_plane_worm--r5,1,0.6928104575163399,1
mal--slice_management--mesh_lite--n8--control_plane_worm--r5::evt-18,mal--slice_management--mesh_lite--n8--control_plane_worm--r5,1,0.6928104575163399,1
mal--slice_management--mesh_lite--n8--control_plane_worm--r5::evt-23,mal--slice_management--mesh_lite--n8--control_plane_worm--r5,1,0.09586776859504133,0
mal--slice_management--mesh_lite--n8--slice_takeover--r1::evt-2,mal--slice_management--mesh_lite--n8--slice_takeover--r1,1,0.09586776859504133,0
mal--slice_management--mesh_lite--n8--slice_takeover--r1::evt-5,mal--slice_management--mesh_lite--n8--slice_takeover--r1,1,0.6928104575163399,1
mal--slice_management--mesh_lite--n8--slice_takeover--r1::evt-10,mal--slice_management--mesh_lite--n8--slice_takeover--r1,1,0.6928104575163399,1
mal--slice_management--mesh_lite--n8--slice_takeover--r1::evt-13,mal--slice_management--mesh_lite--n8--slice_takeover--r1,1,0.6928104575163399,1
mal--slice_management--mesh_lite--n8--slice_takeover--r1::evt-16,mal--slice_management--mesh_lite--n8--slice_takeover--r1,1,0.09586776859504133,0
mal--slice_management--mesh_lite--n8--slice_takeover--r1::evt-17,mal--slice_management--mesh_lite--n8--slice_takeover--r1,1,0.6928104575163399,1
mal--slice_management--mesh_lite--n8--slice_takeover--r1::evt-21,mal--slice_management--mesh_lite--n8--slice_takeover--r1,1,0.09586776859504133,0
mal--slice_management--mesh_lite--n8--slice_takeover--r1::evt-22,mal--slice_management--mesh_lite--n8--slice_takeover--r1,1,0.09586776859504133,0
mal--slice_management--random_min_degree--n10--recovery_poisoning--r3::evt-2,mal--slice_management--random_min_degree--n10--recovery_poisoning--r3,1,0.09586776859504133,0
mal--slice_management--random_min_degree--n10--recovery_poisoning--r3::evt-6,mal--slice_management--random_min_degree--n10--recovery_poisoning--r3,0,0.09586776859504133,0
mal--slice_management--random_min_degree--n10--recovery_poisoning--r3::evt-8,mal--slice_management--random_min_degree--n10--recovery_poisoning--r3,0,0.09586776859504133,0
mal--slice_management--random_min_degree--n10--recovery_poisoning--r3::evt-10,mal--slice_management--random_min_degree--n10--recovery_poisoning--r3,0,0.6928104575163399,1
mal--slice_management--random_min_degree--n10--recovery_poisoning--r3::evt-12,mal--slice_management--random_min_degree--n10--recovery_poisoning--r3,0,0.09586776859504133,0
mal--slice_management--random_min_degree--n15--recovery_poisoning--r2::evt-2,mal--slice_management--random_min_degree--n15--recovery_poisoning--r2,1,0.6928104575163399,1
mal--slice_management--random_min_degree--n15--recovery_poisoning--r2::evt-5,mal--slice_management--random_min_degree--n15--recovery_poisoning--r2,0,0.09586776859504133,0
mal--slice_management--random_min_degree--n15--recovery_poisoning--r2::evt-7,mal--slice_management--random_min_degree--n15--recovery_poisoning--r2,0,0.6928104575163399,1
mal--slice_management--random_min_degree--n15--recovery_poisoning--r2::evt-9,mal--slice_management--random_min_degree--n15--recovery_poisoning--r2,0,0.09586776859504133,0
mal--slice_management--random_min_degree--n15--recovery_poisoning--r2::evt-11,mal--slice_management--random_min_degree--n15--recovery_poisoning--r2,0,0.09586776859504133,0
mal--slice_management--random_min_degree--n15--recovery_poisoning--r2::evt-14,mal--slice_management--random_min_degree--n15--recovery_poisoning--r2,0,0.09586776859504133,0
mal--slice_management--random_min_degree--n20--control_plane_worm--r2::evt-5,mal--slice_management--random_min_degree--n20--control_plane_worm--r2,0,0.09586776859504133,0
mal--slice_management--random_min_degree--n20--control_plane_worm--r2::evt-7,mal--slice_management--random_min_degree--n20--control_plane_worm--r2,0,0.09586776859504133,0
mal--slice_management--random_min_degree--n20--recovery_poisoning--r2::evt-2,mal--slice_management--random_min_degree--n20--recovery_poisoning--r2,1,0.6928104575163399,1
mal--slice_management--random_min_degree--n20--recovery_poisoning--r2::evt-5,mal--slice_management--random_min_degree--n20--recovery_poisoning--r2,1,0.6928104575163399,1
mal--slice_management--random_min_degree--n20--recovery_poisoning--r2::evt-7,mal--slice_management--random_min_degree--n20--recovery_poisoning--r2,0,0.09586776859504133,0
mal--slice_management--random_min_degree--n20--recovery_poisoning--r2::evt-10,mal--slice_management--random_min_degree--n20--recovery_poisoning--r2,1,0.6928104575163399,1
mal--slice_management--random_min_degree--n20--recovery_poisoning--r2::evt-12,mal--slice_management--random_min_degree--n20--recovery_poisoning--r2,1,0.6928104575163399,1
mal--slice_management--random_min_degree--n20--recovery_poisoning--r2::evt-14,mal--slice_management--random_min_degree--n20--recovery_poisoning--r2,1,0.6928104575163399,1
mal--slice_management--random_min_degree--n20--recovery_poisoning--r2::evt-16,mal--slice_management--random_min_degree--n20--recovery_poisoning--r2,0,0.09586776859504133,0
mal--slice_management--random_min_degree--n4--slice_takeover--r2::evt-2,mal--slice_management--random_min_degree--n4--slice_takeover--r2,1,0.09586776859504133,0
mal--slice_management--random_min_degree--n4--slice_takeover--r2::evt-5,mal--slice_management--random_min_degree--n4--slice_takeover--r2,0,0.09586776859504133,0
mal--slice_management--random_min_degree--n4--slice_takeover--r2::evt-6,mal--slice_management--random_min_degree--n4--slice_takeover--r2,1,0.6928104575163399,1
mal--slice_management--random_min_degree--n4--slice_takeover--r2::evt-9,mal--slice_management--random_min_degree--n4--slice_takeover--r2,0,0.09586776859504133,0
mal--slice_management--random_min_degree--n4--slice_takeover--r2::evt-10,mal--slice_management--random_min_degree--n4--slice_takeover--r2,1,0.6928104575163399,1
mal--slice_management--random_min_degree--n8--control_plane_worm--r5::evt-2,mal--slice_management--random_min_degree--n8--control_plane_worm--r5,1,0.6928104575163399,1
mal--slice_management--random_min_degree--n8--control_plane_worm--r5::evt-6,mal--slice_management--random_min_degree--n8--control_plane_worm--r5,0,0.09586776859504133,0
mal--slice_management--random_min_degree--n8--control_plane_worm--r5::evt-7,mal--slice_management--random_min_degree--n8--control_plane_worm--r5,1,0.6928104575163399,1
mal--slice_management--random_min_degree--n8--control_plane_worm--r5::evt-9,mal--slice_management--random_min_degree--n8--control_plane_worm--r5,0,0.09586776859504133,0
mal--slice_management--ring--n10--recovery_poisoning--r1::evt-5,mal--slice_management--ring--n10--recovery_poisoning--r1,0,0.09586776859504133,0
mal--slice_management--ring--n10--recovery_poisoning--r1::evt-7,mal--slice_management--ring--n10--recovery_poisoning--r1,0,0.6928104575163399,1
mal--slice_management--ring--n10--recovery_poisoning--r1::evt-11,mal--slice_management--ring--n10--recovery_poisoning--r1,0,0.09586776859504133,0
mal--slice_management--ring--n15--recovery_poisoning--r2::evt-2,mal--slice_management--ring--n15--recovery_poisoning--r2,1,0.09586776859504133,0
mal--slice_management--ring--n15--recovery_poisoning--r2::evt-7,mal--slice_management--ring--n15--recovery_poisoning--r2,0,0.09586776859504133,0
mal--slice_management--ring--n15--recovery_poisoning--r2::evt-9,mal--slice_management--ring--n15--recovery_poisoning--r2,0,0.09586776859504133,0
mal--slice_management--ring--n15--recovery_poisoning--r2::evt-11,mal--slice_management--ring--n15--recovery_poisoning--r2,0,0.09586776859504133,0
mal--slice_management--ring--n20--recovery_poisoning--r6::evt-6,mal--slice_management--ring--n20--recovery_poisoning--r6,0,0.09586776859504133,0
mal--slice_management--ring--n20--slice_takeover--r3::evt-2,mal--slice_management--ring--n20--slice_takeover--r3,1,0.6928104575163399,1
mal--slice_management--ring--n20--slice_takeover--r3::evt-5,mal--slice_management--ring--n20--slice_takeover--r3,1,0.6928104575163399,1
mal--slice_management--ring--n20--slice_takeover--r3::evt-7,mal--slice_management--ring--n20--slice_takeover--r3,1,0.6928104575163399,1
mal--slice_management--ring--n20--slice_takeover--r3::evt-9,mal--slice_management--ring--n20--slice_takeover--r3,1,0.6928104575163399,1
mal--slice_management--ring--n20--slice_takeover--r3::evt-12,mal--slice_management--ring--n20--slice_takeover--r3,0,0.09586776859504133,0
mal--slice_management--ring--n8--slice_takeover--r1::evt-2,mal--slice_management--ring--n8--slice_takeover--r1,1,0.6928104575163399,1
mal--slice_management--ring--n8--slice_takeover--r1::evt-5,mal--slice_management--ring--n8--slice_takeover--r1,1,0.6928104575163399,1
mal--slice_management--ring--n8--slice_takeover--r1::evt-7,mal--slice_management--ring--n8--slice_takeover--r1,1,0.6928104575163399,1
mal--slice_management--ring--n8--slice_takeover--r1::evt-9,mal--slice_management--ring--n8--slice_takeover--r1,1,0.6928104575163399,1
mal--slice_management--ring--n8--slice_takeover--r1::evt-13,mal--slice_management--ring--n8--slice_takeover--r1,0,0.09586776859504133,0
mal--slice_management--ring--n8--slice_takeover--r1::evt-14,mal--slice_management--ring--n8--slice_takeover--r1,1,0.6928104575163399,1
mal--slice_management--star--n10--control_plane_worm--r4::evt-2,mal--slice_management--star--n10--control_plane_worm--r4,1,0.09586776859504133,0
mal--slice_management--star--n10--control_plane_worm--r4::evt-4,mal--slice_management--star--n10--control_plane_worm--r4,0,0.09586776859504133,0
