Seed,Defense,Blocked malicious relay,Delivered malicious relay
7,No Defense,0.0,100.0
7,DonkeyRail,67.03296703296704,32.967032967032964
7,WormShield,97.53086419753086,2.4691358024691357
19,No Defense,0.0,100.0
19,DonkeyRail,63.829787234042556,36.170212765957444
19,WormShield,93.82716049382717,6.172839506172839
31,No Defense,0.0,100.0
31,DonkeyRail,73.17073170731707,26.829268292682926
31,WormShield,96.15384615384616,3.8461538461538463
43,No Defense,0.0,100.0
43,DonkeyRail,81.81818181818181,18.181818181818183
43,WormShield,93.15068493150685,6.8493150684931505
59,No Defense,0.0,100.0
59,DonkeyRail,85.8974358974359,14.102564102564102
59,WormShield,94.66666666666667,5.333333333333333
