Seed,Defense,Malicious Runs,Benign Runs,Attack Reach (%),Successful Malicious Relays,Max Propagation Depth,Malicious Relay Block (%),Benign False-Block (%),Fully Contained Runs (%)
7,No Defense,64,92,21.70922096908939,1.96875,1.515625,0.0,0.0,3.125
7,DonkeyRail,64,92,6.883093149540518,0.46875,0.359375,67.03296703296704,43.47826086956522,67.1875
7,WormShield,64,92,0.6944444444444444,0.03125,0.03125,97.53086419753086,0.0,96.875
19,No Defense,61,97,27.345686620923896,1.9672131147540983,1.4754098360655739,0.0,0.0,1.639344262295082
19,DonkeyRail,61,97,11.009080077242288,0.5573770491803278,0.4098360655737705,63.829787234042556,23.529411764705884,62.295081967213115
19,WormShield,61,97,2.003642987249545,0.08196721311475409,0.06557377049180328,93.82716049382717,1.0204081632653061,95.08196721311475
31,No Defense,61,93,24.317624662749772,1.819672131147541,1.4754098360655739,0.0,0.0,1.639344262295082
31,DonkeyRail,61,93,6.2437514551405835,0.36065573770491804,0.2786885245901639,73.17073170731707,42.622950819672134,72.1311475409836
31,WormShield,61,93,0.38552665817549336,0.04918032786885246,0.04918032786885246,96.15384615384616,0.0,95.08196721311475
43,No Defense,59,99,18.54848986873964,1.9152542372881356,1.4745762711864407,0.0,0.0,6.779661016949152
43,DonkeyRail,59,99,4.361893434150348,0.23728813559322035,0.2033898305084746,81.81818181818181,53.333333333333336,79.66101694915254
43,WormShield,59,99,1.2510088781275222,0.0847457627118644,0.0847457627118644,93.15068493150685,1.7543859649122806,91.52542372881356
59,No Defense,61,94,19.610501663996054,1.6885245901639345,1.3114754098360655,0.0,0.0,6.557377049180328
59,DonkeyRail,61,94,3.0835284933645593,0.18032786885245902,0.16393442622950818,85.8974358974359,52.30769230769231,85.24590163934425
59,WormShield,61,94,0.9627894873796514,0.06557377049180328,0.06557377049180328,94.66666666666667,2.272727272727273,93.44262295081968
