Seed,Defense,Network Size,Runs,Attack Reach Count,Attack Reach (%),Max Propagation Depth,Successful Malicious Relays,Fully Contained (%)
7,No Defense,4,11,1.7272727272727273,57.57575757575758,1.4545454545454546,2.090909090909091,9.090909090909092
7,No Defense,8,7,1.7142857142857142,24.489795918367346,1.5714285714285714,2.2857142857142856,0.0
7,No Defense,10,12,1.6666666666666667,18.51851851851852,1.4166666666666667,1.9166666666666667,8.333333333333334
7,No Defense,15,14,1.5714285714285714,11.224489795918368,1.4285714285714286,1.5714285714285714,0.0
7,No Defense,20,20,1.95,10.263157894736842,1.65,2.1,0.0
7,WormShield,4,11,0.09090909090909091,3.0303030303030307,0.09090909090909091,0.09090909090909091,90.9090909090909
7,WormShield,8,7,0.0,0.0,0.0,0.0,100.0
7,WormShield,10,12,0.08333333333333333,0.9259259259259259,0.08333333333333333,0.08333333333333333,91.66666666666667
7,WormShield,15,14,0.0,0.0,0.0,0.0,100.0
7,WormShield,20,20,0.0,0.0,0.0,0.0,100.0
19,No Defense,4,15,2.066666666666667,68.88888888888889,1.6666666666666667,2.7333333333333334,0.0
19,No Defense,8,7,1.5714285714285714,22.44897959183673,1.5714285714285714,2.142857142857143,0.0
19,No Defense,10,11,1.5454545454545454,17.171717171717173,1.3636363636363635,1.5454545454545454,0.0
19,No Defense,15,12,1.8333333333333333,13.095238095238095,1.4166666666666667,1.8333333333333333,0.0
19,No Defense,20,16,1.5625,8.223684210526315,1.375,1.5625,6.25
19,WormShield,4,15,0.2,6.666666666666667,0.13333333333333333,0.2,93.33333333333333
19,WormShield,8,7,0.0,0.0,0.0,0.0,100.0
19,WormShield,10,11,0.18181818181818182,2.0202020202020203,0.18181818181818182,0.18181818181818182,81.81818181818181
19,WormShield,15,12,0.0,0.0,0.0,0.0,100.0
19,WormShield,20,16,0.0,0.0,0.0,0.0,100.0
31,No Defense,4,12,1.8333333333333333,61.111111111111114,1.3333333333333333,2.0,8.333333333333334
31,No Defense,8,11,1.6363636363636365,23.376623376623375,1.6363636363636365,2.0,0.0
31,No Defense,10,13,1.5384615384615385,17.094017094017094,1.3076923076923077,1.5384615384615385,0.0
31,No Defense,15,12,1.5,10.714285714285715,1.25,1.5,0.0
31,No Defense,20,13,2.076923076923077,10.931174089068826,1.8461538461538463,2.076923076923077,0.0
31,WormShield,4,12,0.0,0.0,0.0,0.0,100.0
31,WormShield,8,11,0.0,0.0,0.0,0.0,100.0
31,WormShield,10,13,0.07692307692307693,0.8547008547008547,0.07692307692307693,0.07692307692307693,92.3076923076923
31,WormShield,15,12,0.08333333333333333,0.5952380952380952,0.08333333333333333,0.08333333333333333,91.66666666666667
31,WormShield,20,13,0.07692307692307693,0.40485829959514175,0.07692307692307693,0.07692307692307693,92.3076923076923
43,No Defense,4,7,1.7142857142857142,57.142857142857146,1.4285714285714286,2.2857142857142856,0.0
43,No Defense,8,6,1.3333333333333333,19.047619047619047,1.3333333333333333,2.0,16.666666666666668
43,No Defense,10,15,1.2,13.333333333333334,1.0,1.2,13.333333333333334
43,No Defense,15,11,2.090909090909091,14.935064935064936,1.6363636363636365,2.090909090909091,0.0
43,No Defense,20,20,2.05,10.789473684210526,1.8,2.2,5.0
43,WormShield,4,7,0.14285714285714285,4.761904761904762,0.14285714285714285,0.14285714285714285,85.71428571428571
43,WormShield,8,6,0.0,0.0,0.0,0.0,100.0
43,WormShield,10,15,0.2,2.222222222222222,0.2,0.2,80.0
43,WormShield,15,11,0.09090909090909091,0.6493506493506493,0.09090909090909091,0.09090909090909091,90.9090909090909
43,WormShield,20,20,0.0,0.0,0.0,0.0,100.0
59,No Defense,4,6,2.1666666666666665,72.22222222222223,1.5,2.1666666666666665,0.0
59,No Defense,8,12,1.4166666666666667,20.238095238095237,1.0833333333333333,1.4166666666666667,8.333333333333334
59,No Defense,10,16,1.5,16.666666666666668,1.3125,1.8125,12.5
59,No Defense,15,13,1.5384615384615385,10.989010989010987,1.3076923076923077,1.5384615384615385,0.0
59,No Defense,20,14,1.5,7.894736842105262,1.4285714285714286,1.7142857142857142,7.142857142857143
59,WormShield,4,6,0.16666666666666666,5.555555555555556,0.16666666666666666,0.16666666666666666,83.33333333333333
59,WormShield,8,12,0.0,0.0,0.0,0.0,100.0
59,WormShield,10,16,0.0625,0.6944444444444444,0.0625,0.0625,93.75
59,WormShield,15,13,0.15384615384615385,1.098901098901099,0.15384615384615385,0.15384615384615385,84.61538461538461
59,WormShield,20,14,0.0,0.0,0.0,0.0,100.0
