Seed,Defense,Topology,Runs,Attack Reach Count,Attack Reach (%),Max Propagation Depth,Successful Malicious Relays,Fully Contained (%)
7,No Defense,Chain,17,1.6470588235294117,16.103985453830656,1.411764705882353,1.6470588235294117,5.882352941176471
7,No Defense,Random min-degree,8,2.625,17.209690893901417,1.625,2.625,12.5
7,No Defense,Ring,11,2.090909090909091,31.15364167995747,1.8181818181818181,2.1818181818181817,0.0
7,No Defense,Sparse mesh,5,2.6,39.82456140350877,2.8,5.2,0.0
7,No Defense,Star,23,1.173913043478261,18.96226072427445,1.1304347826086956,1.173913043478261,0.0
7,WormShield,Chain,17,0.0,0.0,0.0,0.0,100.0
7,WormShield,Random min-degree,8,0.0,0.0,0.0,0.0,100.0
7,WormShield,Ring,11,0.0,0.0,0.0,0.0,100.0
7,WormShield,Sparse mesh,5,0.0,0.0,0.0,0.0,100.0
7,WormShield,Star,23,0.08695652173913043,1.932367149758454,0.08695652173913043,0.08695652173913043,91.30434782608695
19,No Defense,Chain,17,1.7058823529411764,24.192835028748345,1.411764705882353,1.7058823529411764,0.0
19,No Defense,Random min-degree,10,2.3,32.47284878863826,1.9,2.7,0.0
19,No Defense,Ring,6,2.3333333333333335,42.23057644110276,1.8333333333333333,2.3333333333333335,0.0
19,No Defense,Sparse mesh,8,1.875,44.54365079365079,1.625,3.125,12.5
19,No Defense,Star,20,1.25,16.117376775271513,1.15,1.25,0.0
19,WormShield,Chain,17,0.058823529411764705,0.6535947712418301,0.058823529411764705,0.058823529411764705,94.11764705882354
19,WormShield,Random min-degree,10,0.0,0.0,0.0,0.0,100.0
19,WormShield,Ring,6,0.5,16.666666666666668,0.3333333333333333,0.5,83.33333333333333
19,WormShield,Sparse mesh,8,0.0,0.0,0.0,0.0,100.0
19,WormShield,Star,20,0.05,0.5555555555555556,0.05,0.05,95.0
31,No Defense,Chain,15,1.6666666666666667,19.0448343079922,1.6,1.6666666666666667,0.0
31,No Defense,Random min-degree,13,2.3846153846153846,31.604652657284234,1.8461538461538463,2.4615384615384617,0.0
31,No Defense,Ring,10,1.8,23.02840434419382,1.5,1.9,0.0
31,No Defense,Sparse mesh,3,2.6666666666666665,55.02645502645502,2.0,4.0,0.0
31,No Defense,Star,20,1.15,19.57393483709273,1.05,1.15,5.0
31,WormShield,Chain,15,0.0,0.0,0.0,0.0,100.0
31,WormShield,Random min-degree,13,0.07692307692307693,0.8547008547008547,0.07692307692307693,0.07692307692307693,92.3076923076923
31,WormShield,Ring,10,0.1,0.5263157894736843,0.1,0.1,90.0
31,WormShield,Sparse mesh,3,0.0,0.0,0.0,0.0,100.0
31,WormShield,Star,20,0.05,0.35714285714285715,0.05,0.05,95.0
43,No Defense,Chain,17,1.7647058823529411,12.01533244876898,1.5294117647058822,1.7647058823529411,5.882352941176471
43,No Defense,Random min-degree,13,1.9230769230769231,18.456397403765827,1.3076923076923077,1.9230769230769231,7.6923076923076925
43,No Defense,Ring,8,2.25,19.35045948203843,1.875,2.25,12.5
43,No Defense,Sparse mesh,6,2.1666666666666665,42.31411862990811,2.1666666666666665,4.0,16.666666666666668
43,No Defense,Star,15,1.0666666666666667,16.09857978279031,1.0666666666666667,1.0666666666666667,0.0
43,WormShield,Chain,17,0.11764705882352941,1.3071895424836601,0.11764705882352941,0.11764705882352941,88.23529411764706
43,WormShield,Random min-degree,13,0.0,0.0,0.0,0.0,100.0
43,WormShield,Ring,8,0.125,4.166666666666667,0.125,0.125,87.5
43,WormShield,Sparse mesh,6,0.0,0.0,0.0,0.0,100.0
43,WormShield,Star,15,0.13333333333333333,1.216931216931217,0.13333333333333333,0.13333333333333333,86.66666666666667
59,No Defense,Chain,18,2.0,26.926111575234383,1.5555555555555556,2.0,11.11111111111111
59,No Defense,Random min-degree,4,1.0,9.774436090225564,0.5,1.0,50.0
59,No Defense,Ring,8,1.625,23.015873015873016,1.375,1.625,0.0
59,No Defense,Sparse mesh,8,2.125,27.595029239766085,1.75,3.125,0.0
59,No Defense,Star,23,1.0869565217391304,11.634157858414152,1.0869565217391304,1.0869565217391304,0.0
59,WormShield,Chain,18,0.0,0.0,0.0,0.0,100.0
59,WormShield,Random min-degree,4,0.0,0.0,0.0,0.0,100.0
59,WormShield,Ring,8,0.125,4.166666666666667,0.125,0.125,87.5
59,WormShield,Sparse mesh,8,0.125,0.8928571428571429,0.125,0.125,87.5
59,WormShield,Star,23,0.08695652173913043,0.7936507936507936,0.08695652173913043,0.08695652173913043,91.30434782608695
