Seed,Network Size,Matched Runs,No Defense Reach Count,No Defense Reach (%),WormShield Reach Count,WormShield Reach (%),Reach Reduction (agents),Reach Reduction (percentage points),Relative Reach Reduction (%),Relay Reduction,Depth Reduction,WormShield Fully Contained (%),Prevented Existing Spread (%)
7,4,11,1.7272727272727273,57.57575757575758,0.09090909090909091,3.0303030303030307,1.6363636363636365,54.545454545454554,90.0,2.0,1.3636363636363635,90.9090909090909,81.81818181818181
7,8,7,1.7142857142857142,24.489795918367346,0.0,0.0,1.7142857142857142,24.489795918367346,100.0,2.2857142857142856,1.5714285714285714,100.0,100.0
7,10,12,1.6666666666666667,18.51851851851852,0.08333333333333333,0.9259259259259259,1.5833333333333333,17.59259259259259,90.9090909090909,1.8333333333333333,1.3333333333333333,91.66666666666667,83.33333333333333
7,15,14,1.5714285714285714,11.224489795918368,0.0,0.0,1.5714285714285714,11.224489795918368,100.0,1.5714285714285714,1.4285714285714286,100.0,100.0
7,20,20,1.95,10.263157894736842,0.0,0.0,1.95,10.263157894736842,100.0,2.1,1.65,100.0,100.0
19,4,15,2.066666666666667,68.88888888888889,0.2,6.666666666666667,1.8666666666666667,62.222222222222214,93.33333333333333,2.533333333333333,1.5333333333333334,93.33333333333333,93.33333333333333
19,8,7,1.5714285714285714,22.44897959183673,0.0,0.0,1.5714285714285714,22.44897959183673,100.0,2.142857142857143,1.5714285714285714,100.0,100.0
19,10,11,1.5454545454545454,17.171717171717173,0.18181818181818182,2.0202020202020203,1.3636363636363635,15.15151515151515,81.81818181818181,1.3636363636363635,1.1818181818181819,81.81818181818181,81.81818181818181
19,15,12,1.8333333333333333,13.095238095238095,0.0,0.0,1.8333333333333333,13.095238095238095,100.0,1.8333333333333333,1.4166666666666667,100.0,100.0
19,20,16,1.5625,8.223684210526315,0.0,0.0,1.5625,8.223684210526315,100.0,1.5625,1.375,100.0,93.75
31,4,12,1.8333333333333333,61.111111111111114,0.0,0.0,1.8333333333333333,61.111111111111114,100.0,2.0,1.3333333333333333,100.0,91.66666666666667
31,8,11,1.6363636363636365,23.376623376623375,0.0,0.0,1.6363636363636365,23.376623376623375,100.0,2.0,1.6363636363636365,100.0,100.0
31,10,13,1.5384615384615385,17.094017094017094,0.07692307692307693,0.8547008547008547,1.4615384615384615,16.23931623931624,92.3076923076923,1.4615384615384615,1.2307692307692308,92.3076923076923,92.3076923076923
31,15,12,1.5,10.714285714285715,0.08333333333333333,0.5952380952380952,1.4166666666666667,10.119047619047619,91.66666666666667,1.4166666666666667,1.1666666666666667,91.66666666666667,91.66666666666667
31,20,13,2.076923076923077,10.931174089068826,0.07692307692307693,0.40485829959514175,2.0,10.526315789473687,92.3076923076923,2.0,1.7692307692307692,92.3076923076923,92.3076923076923
43,4,7,1.7142857142857142,57.142857142857146,0.14285714285714285,4.761904761904762,1.5714285714285714,52.38095238095239,85.71428571428571,2.142857142857143,1.2857142857142858,85.71428571428571,85.71428571428571
43,8,6,1.3333333333333333,19.047619047619047,0.0,0.0,1.3333333333333333,19.047619047619047,100.0,2.0,1.3333333333333333,100.0,83.33333333333333
43,10,15,1.2,13.333333333333334,0.2,2.222222222222222,1.0,11.111111111111112,76.92307692307692,1.0,0.8,80.0,66.66666666666667
43,15,11,2.090909090909091,14.935064935064936,0.09090909090909091,0.6493506493506493,2.0,14.285714285714288,90.9090909090909,2.0,1.5454545454545454,90.9090909090909,90.9090909090909
43,20,20,2.05,10.789473684210526,0.0,0.0,2.05,10.789473684210526,100.0,2.2,1.8,100.0,95.0
59,4,6,2.1666666666666665,72.22222222222223,0.16666666666666666,5.555555555555556,2.0,66.66666666666667,83.33333333333333,2.0,1.3333333333333333,83.33333333333333,83.33333333333333
59,8,12,1.4166666666666667,20.238095238095237,0.0,0.0,1.4166666666666667,20.238095238095237,100.0,1.4166666666666667,1.0833333333333333,100.0,91.66666666666667
59,10,16,1.5,16.666666666666668,0.0625,0.6944444444444444,1.4375,15.972222222222221,92.85714285714286,1.75,1.25,93.75,81.25
59,15,13,1.5384615384615385,10.989010989010987,0.15384615384615385,1.098901098901099,1.3846153846153846,9.890109890109889,84.61538461538461,1.3846153846153846,1.1538461538461537,84.61538461538461,84.61538461538461
59,20,14,1.5,7.894736842105262,0.0,0.0,1.5,7.894736842105262,100.0,1.7142857142857142,1.4285714285714286,100.0,92.85714285714286
