Seed,Topology,Matched Runs,No Defense Reach Count,No Defense Reach (%),WormShield Reach Count,WormShield Reach (%),Reach Reduction (agents),Reach Reduction (percentage points),Relative Reach Reduction (%),Relay Reduction,Depth Reduction,WormShield Fully Contained (%),Prevented Existing Spread (%)
7,Chain,17,1.6470588235294117,16.103985453830656,0.0,0.0,1.6470588235294117,16.103985453830656,100.0,1.6470588235294117,1.411764705882353,100.0,94.11764705882354
7,Random min-degree,8,2.625,17.209690893901417,0.0,0.0,2.625,17.209690893901417,100.0,2.625,1.625,100.0,87.5
7,Ring,11,2.090909090909091,31.15364167995747,0.0,0.0,2.090909090909091,31.15364167995747,100.0,2.1818181818181817,1.8181818181818181,100.0,100.0
7,Sparse mesh,5,2.6,39.82456140350877,0.0,0.0,2.6,39.82456140350877,100.0,5.2,2.8,100.0,100.0
7,Star,23,1.173913043478261,18.96226072427445,0.08695652173913043,1.932367149758454,1.0869565217391304,17.029893574516,91.30434782608695,1.0869565217391304,1.0434782608695652,91.30434782608695,91.30434782608695
19,Chain,17,1.7058823529411764,24.192835028748345,0.058823529411764705,0.6535947712418301,1.6470588235294117,23.539240257506513,94.11764705882354,1.6470588235294117,1.3529411764705883,94.11764705882354,94.11764705882354
19,Random min-degree,10,2.3,32.47284878863826,0.0,0.0,2.3,32.47284878863826,100.0,2.7,1.9,100.0,100.0
19,Ring,6,2.3333333333333335,42.23057644110276,0.5,16.666666666666668,1.8333333333333333,25.563909774436095,83.33333333333333,1.8333333333333333,1.5,83.33333333333333,83.33333333333333
19,Sparse mesh,8,1.875,44.54365079365079,0.0,0.0,1.875,44.54365079365079,100.0,3.125,1.625,100.0,87.5
19,Star,20,1.25,16.117376775271513,0.05,0.5555555555555556,1.2,15.561821219715956,95.0,1.2,1.1,95.0,95.0
31,Chain,15,1.6666666666666667,19.0448343079922,0.0,0.0,1.6666666666666667,19.0448343079922,100.0,1.6666666666666667,1.6,100.0,100.0
31,Random min-degree,13,2.3846153846153846,31.604652657284234,0.07692307692307693,0.8547008547008547,2.3076923076923075,30.749951802583382,92.3076923076923,2.3846153846153846,1.7692307692307692,92.3076923076923,92.3076923076923
31,Ring,10,1.8,23.02840434419382,0.1,0.5263157894736843,1.7,22.502088554720135,90.0,1.8,1.4,90.0,90.0
31,Sparse mesh,3,2.6666666666666665,55.02645502645502,0.0,0.0,2.6666666666666665,55.02645502645502,100.0,4.0,2.0,100.0,100.0
31,Star,20,1.15,19.57393483709273,0.05,0.35714285714285715,1.1,19.216791979949868,94.73684210526316,1.1,1.0,95.0,90.0
43,Chain,17,1.7647058823529411,12.01533244876898,0.11764705882352941,1.3071895424836601,1.6470588235294117,10.70814290628532,87.5,1.6470588235294117,1.411764705882353,88.23529411764706,82.3529411764706
43,Random min-degree,13,1.9230769230769231,18.456397403765827,0.0,0.0,1.9230769230769231,18.456397403765827,100.0,1.9230769230769231,1.3076923076923077,100.0,92.3076923076923
43,Ring,8,2.25,19.35045948203843,0.125,4.166666666666667,2.125,15.183792815371763,85.71428571428571,2.125,1.75,87.5,75.0
43,Sparse mesh,6,2.1666666666666665,42.31411862990811,0.0,0.0,2.1666666666666665,42.31411862990811,100.0,4.0,2.1666666666666665,100.0,83.33333333333333
43,Star,15,1.0666666666666667,16.09857978279031,0.13333333333333333,1.216931216931217,0.9333333333333333,14.881648565859093,86.66666666666667,0.9333333333333333,0.9333333333333333,86.66666666666667,86.66666666666667
59,Chain,18,2.0,26.926111575234383,0.0,0.0,2.0,26.926111575234383,100.0,2.0,1.5555555555555556,100.0,88.88888888888889
59,Random min-degree,4,1.0,9.774436090225564,0.0,0.0,1.0,9.774436090225564,100.0,1.0,0.5,100.0,50.0
59,Ring,8,1.625,23.015873015873016,0.125,4.166666666666667,1.5,18.849206349206348,87.5,1.5,1.25,87.5,87.5
59,Sparse mesh,8,2.125,27.595029239766085,0.125,0.8928571428571429,2.0,26.70217209690894,87.5,3.0,1.625,87.5,87.5
59,Star,23,1.0869565217391304,11.634157858414152,0.08695652173913043,0.7936507936507936,1.0,10.840507064763356,91.30434782608695,1.0,1.0,91.30434782608695,91.30434782608695
