Dataset,Variant,Seed,Feature Count,Operating Point,Target Validation FPR,Threshold,Validation FPR,Validation Recall,Validation Precision,Validation Best F1
AgentArena,semantic_only,7,384,Fixed-0.5,,0.5,,,,
AgentArena,learned_payload_only,7,1,Fixed-0.5,,0.5,,,,
AgentArena,semantic_plus_learned_payload,7,385,Fixed-0.5,,0.5,,,,
AgentArena,semantic_only,19,384,Fixed-0.5,,0.5,,,,
AgentArena,learned_payload_only,19,1,Fixed-0.5,,0.5,,,,
AgentArena,semantic_plus_learned_payload,19,385,Fixed-0.5,,0.5,,,,
AgentArena,semantic_only,31,384,Fixed-0.5,,0.5,,,,
AgentArena,learned_payload_only,31,1,Fixed-0.5,,0.5,,,,
AgentArena,semantic_plus_learned_payload,31,385,Fixed-0.5,,0.5,,,,
AgentArena,semantic_only,43,384,Fixed-0.5,,0.5,,,,
AgentArena,learned_payload_only,43,1,Fixed-0.5,,0.5,,,,
AgentArena,semantic_plus_learned_payload,43,385,Fixed-0.5,,0.5,,,,
AgentArena,semantic_only,59,384,Fixed-0.5,,0.5,,,,
AgentArena,learned_payload_only,59,1,Fixed-0.5,,0.5,,,,
AgentArena,semantic_plus_learned_payload,59,385,Fixed-0.5,,0.5,,,,
AI-Worm,semantic_only,7,384,Validation-FPR,0.03,0.007928915321826935,0.03,1.0,0.9708454810495627,0.985207100591716
AI-Worm,learned_payload_only,7,1,Validation-FPR,0.03,0.7306045293807983,0.028,0.07007007007007007,0.7142857142857143,0.12762078395624432
AI-Worm,semantic_plus_learned_payload,7,385,Validation-FPR,0.03,0.007536537013947964,0.03,1.0,0.9708454810495627,0.985207100591716
AI-Worm,semantic_only,19,384,Validation-FPR,0.03,0.005996892228722572,0.03,1.0,0.9708171206225681,0.9851924975320828
AI-Worm,learned_payload_only,19,1,Validation-FPR,0.03,0.7214128971099854,0.025,0.07214428857715431,0.7422680412371134,0.1315068493150685
AI-Worm,semantic_plus_learned_payload,19,385,Validation-FPR,0.03,0.0065535795874893665,0.03,1.0,0.9708171206225681,0.9851924975320828
AI-Worm,semantic_only,31,384,Validation-FPR,0.03,0.006926819682121277,0.03,1.0,0.9707602339181286,0.9851632047477744
AI-Worm,learned_payload_only,31,1,Validation-FPR,0.03,0.7611832022666931,0.026,0.050200803212851405,0.6578947368421053,0.09328358208955223
AI-Worm,semantic_plus_learned_payload,31,385,Validation-FPR,0.03,0.00786617211997509,0.03,1.0,0.9707602339181286,0.9851632047477744
AI-Worm,semantic_only,43,384,Validation-FPR,0.03,0.003984962124377489,0.03,1.0,0.9707602339181286,0.9851632047477744
AI-Worm,learned_payload_only,43,1,Validation-FPR,0.03,0.7466937899589539,0.029,0.06726907630522089,0.6979166666666666,0.1227106227106227
AI-Worm,semantic_plus_learned_payload,43,385,Validation-FPR,0.03,0.004198342561721802,0.029,1.0,0.9717073170731707,0.9856506679861454
AI-Worm,semantic_only,59,384,Validation-FPR,0.03,0.006203972734510899,0.03,1.0,0.9708454810495627,0.985207100591716
AI-Worm,learned_payload_only,59,1,Validation-FPR,0.03,0.7476526498794556,0.027,0.06306306306306306,0.7,0.11570247933884296
AI-Worm,semantic_plus_learned_payload,59,385,Validation-FPR,0.03,0.0066976300440728664,0.03,1.0,0.9708454810495627,0.985207100591716
