Dataset,Variant,Seed,Feature Count,Operating Point,Target Validation FPR,Threshold,Validation FPR,Validation Recall,Validation Precision,Validation Best F1,n,positive_n,accuracy,precision,recall,f1,roc_auc,pr_auc,fpr,threshold,tn,fp,fn,tp
AgentArena,semantic_only,7,384,Fixed-0.5,,0.5,,,,,464,144,0.8728448275862069,0.8195488721804511,0.7569444444444444,0.7870036101083032,0.9506076388888889,0.8809614013655062,0.075,0.5,296,24,35,109
AgentArena,learned_payload_only,7,1,Fixed-0.5,,0.5,,,,,464,144,0.7543103448275862,0.6041666666666666,0.6041666666666666,0.6041666666666666,0.7763129340277778,0.6932273108294518,0.178125,0.5,263,57,57,87
AgentArena,semantic_plus_learned_payload,7,385,Fixed-0.5,,0.5,,,,,464,144,0.9137931034482759,0.8939393939393939,0.8194444444444444,0.855072463768116,0.9620876736111112,0.9160365069566079,0.04375,0.5,306,14,26,118
AgentArena,semantic_only,19,384,Fixed-0.5,,0.5,,,,,514,150,0.8735408560311284,0.7972027972027972,0.76,0.7781569965870307,0.9470146520146521,0.8885602530111101,0.07967032967032966,0.5,335,29,36,114
AgentArena,learned_payload_only,19,1,Fixed-0.5,,0.5,,,,,514,150,0.7645914396887159,0.5792349726775956,0.7066666666666667,0.6366366366366366,0.8240476190476191,0.7259589584479911,0.21153846153846154,0.5,287,77,44,106
AgentArena,semantic_plus_learned_payload,19,385,Fixed-0.5,,0.5,,,,,514,150,0.914396887159533,0.8680555555555556,0.8333333333333334,0.8503401360544217,0.9639010989010989,0.9240284475068979,0.0521978021978022,0.5,345,19,25,125
AgentArena,semantic_only,31,384,Fixed-0.5,,0.5,,,,,478,141,0.891213389121339,0.8201438848920863,0.8085106382978723,0.8142857142857143,0.9552370730475409,0.9087929894712717,0.07418397626112759,0.5,312,25,27,114
AgentArena,learned_payload_only,31,1,Fixed-0.5,,0.5,,,,,478,141,0.8221757322175732,0.7,0.6950354609929078,0.697508896797153,0.8514636866805564,0.7659465169081483,0.12462908011869436,0.5,295,42,43,98
AgentArena,semantic_plus_learned_payload,31,385,Fixed-0.5,,0.5,,,,,478,141,0.9330543933054394,0.8920863309352518,0.8794326241134752,0.8857142857142857,0.9713786644779763,0.9492916881984631,0.04451038575667656,0.5,322,15,17,124
AgentArena,semantic_only,43,384,Fixed-0.5,,0.5,,,,,504,147,0.8849206349206349,0.8296296296296296,0.7619047619047619,0.7943262411347518,0.9518855161112063,0.9037652174515384,0.06442577030812324,0.5,334,23,35,112
AgentArena,learned_payload_only,43,1,Fixed-0.5,,0.5,,,,,504,147,0.751984126984127,0.5714285714285714,0.5986394557823129,0.584717607973422,0.7681644086205912,0.6418575994898509,0.18487394957983194,0.5,291,66,59,88
AgentArena,semantic_plus_learned_payload,43,385,Fixed-0.5,,0.5,,,,,504,147,0.9087301587301587,0.8796992481203008,0.7959183673469388,0.8357142857142857,0.9613178604775242,0.9301749337741495,0.04481792717086835,0.5,341,16,30,117
AgentArena,semantic_only,59,384,Fixed-0.5,,0.5,,,,,480,136,0.8854166666666666,0.7755102040816326,0.8382352941176471,0.8056537102473498,0.9565663474692202,0.8974955937665073,0.09593023255813954,0.5,311,33,22,114
AgentArena,learned_payload_only,59,1,Fixed-0.5,,0.5,,,,,480,136,0.7666666666666667,0.5967741935483871,0.5441176470588235,0.5692307692307692,0.7652830027359782,0.6356668469036392,0.14534883720930233,0.5,294,50,62,74
AgentArena,semantic_plus_learned_payload,59,385,Fixed-0.5,,0.5,,,,,480,136,0.9270833333333334,0.8581560283687943,0.8897058823529411,0.8736462093862816,0.9681301299589604,0.9219912550178109,0.05813953488372093,0.5,324,20,15,121
AI-Worm,semantic_only,7,384,Validation-FPR,0.03,0.007928915321826935,0.03,1.0,0.9708454810495627,0.985207100591716,2786,1286,0.9935391241923905,0.9953125,0.9906687402799378,0.9929851909586905,0.9991840331778123,0.998625371770834,0.004,0.007928915321826935,1494,6,12,1274
AI-Worm,learned_payload_only,7,1,Validation-FPR,0.03,0.7306045293807983,0.028,0.07007007007007007,0.7142857142857143,0.12762078395624432,2786,1286,0.5861450107681263,0.7903930131004366,0.14074650077760498,0.23894389438943894,0.8542695697252461,0.7625785715394209,0.032,0.7306045293807983,1452,48,1105,181
AI-Worm,semantic_plus_learned_payload,7,385,Validation-FPR,0.03,0.007536537013947964,0.03,1.0,0.9708454810495627,0.985207100591716,2786,1286,0.9917444364680545,0.9906759906759907,0.9914463452566097,0.9910610182666149,0.9990751684810784,0.9983733400552467,0.008,0.007536537013947964,1488,12,11,1275
AI-Worm,semantic_only,19,384,Validation-FPR,0.03,0.005996892228722572,0.03,1.0,0.9708171206225681,0.9851924975320828,2786,1286,0.988872936109117,0.9823212913143735,0.9937791601866252,0.9880170081175106,0.9988880248833591,0.9982145314042513,0.015333333333333332,0.005996892228722572,1477,23,8,1278
AI-Worm,learned_payload_only,19,1,Validation-FPR,0.03,0.7214128971099854,0.025,0.07214428857715431,0.7422680412371134,0.1315068493150685,2786,1286,0.5789662598707824,0.7729468599033816,0.12441679626749612,0.2143335565974548,0.8631150855365475,0.7795965292156704,0.03133333333333333,0.7214128971099854,1453,47,1126,160
AI-Worm,semantic_plus_learned_payload,19,385,Validation-FPR,0.03,0.0065535795874893665,0.03,1.0,0.9708171206225681,0.9851924975320828,2786,1286,0.9903086862885858,0.9853508095605242,0.9937791601866252,0.9895470383275261,0.9993193364437533,0.9990748112055162,0.012666666666666666,0.0065535795874893665,1481,19,8,1278
AI-Worm,semantic_only,31,384,Validation-FPR,0.03,0.006926819682121277,0.03,1.0,0.9707602339181286,0.9851632047477744,2786,1286,0.988872936109117,0.9853054911059551,0.9906687402799378,0.9879798371461807,0.9986438569206842,0.9978920977943915,0.012666666666666666,0.006926819682121277,1481,19,12,1274
AI-Worm,learned_payload_only,31,1,Validation-FPR,0.03,0.7611832022666931,0.026,0.050200803212851405,0.6578947368421053,0.09328358208955223,2786,1286,0.5717875089734387,0.8444444444444444,0.08864696734059098,0.16045038705137227,0.8620803525142562,0.7836282577156098,0.014,0.7611832022666931,1479,21,1172,114
AI-Worm,semantic_plus_learned_payload,31,385,Validation-FPR,0.03,0.00786617211997509,0.03,1.0,0.9707602339181286,0.9851632047477744,2786,1286,0.9867193108399138,0.9867498051441933,0.9844479004665629,0.9855975087582717,0.9983634007257647,0.9976179959840998,0.011333333333333334,0.00786617211997509,1483,17,20,1266
AI-Worm,semantic_only,43,384,Validation-FPR,0.03,0.003984962124377489,0.03,1.0,0.9707602339181286,0.9851632047477744,2786,1286,0.9877961234745154,0.9778625954198473,0.9961119751166407,0.9869029275808937,0.999025920165889,0.9984095191993214,0.019333333333333334,0.003984962124377489,1471,29,5,1281
AI-Worm,learned_payload_only,43,1,Validation-FPR,0.03,0.7466937899589539,0.029,0.06726907630522089,0.6979166666666666,0.1227106227106227,2786,1286,0.5832735104091888,0.861271676300578,0.11586314152410575,0.20424948594928033,0.8517719025401762,0.7713268650864258,0.016,0.7466937899589539,1476,24,1137,149
AI-Worm,semantic_plus_learned_payload,43,385,Validation-FPR,0.03,0.004198342561721802,0.029,1.0,0.9717073170731707,0.9856506679861454,2786,1286,0.9881550610193827,0.9808135072908672,0.9937791601866252,0.9872537659327926,0.9985469155002592,0.9974903353588321,0.016666666666666666,0.004198342561721802,1475,25,8,1278
AI-Worm,semantic_only,59,384,Validation-FPR,0.03,0.006203972734510899,0.03,1.0,0.9708454810495627,0.985207100591716,2786,1286,0.9892318736539842,0.9860681114551083,0.9906687402799378,0.9883630721489527,0.9987739761534473,0.9979128696435353,0.012,0.006203972734510899,1482,18,12,1274
AI-Worm,learned_payload_only,59,1,Validation-FPR,0.03,0.7476526498794556,0.027,0.06306306306306306,0.7,0.11570247933884296,2786,1286,0.5771715721464465,0.8333333333333334,0.10497667185069985,0.18646408839779005,0.8605684292379471,0.7811439346494182,0.018,0.7476526498794556,1473,27,1151,135
AI-Worm,semantic_plus_learned_payload,59,385,Validation-FPR,0.03,0.0066976300440728664,0.03,1.0,0.9708454810495627,0.985207100591716,2786,1286,0.9852835606604451,0.9851909586905689,0.9828926905132193,0.9840404826780849,0.9982125453602904,0.9970929655484421,0.012666666666666666,0.0066976300440728664,1481,19,22,1264
