Dataset,Seed,Train N,Validation N,Held-out Test N,Validation F1,Validation ROC-AUC
AgentArena,7,951,208,464,0.9090909090909091,0.9858946649982937
AgentArena,19,868,241,514,0.896,0.9856108757062148
AgentArena,31,911,234,478,0.8346456692913385,0.972993248312078
AgentArena,43,907,212,504,0.8923076923076924,0.9807854729729729
AgentArena,59,884,259,480,0.8767123287671232,0.9767006293077614
AI-Worm,7,7982,1999,2786,0.9984992496248124,0.9999889889889889
AI-Worm,19,7983,1998,2786,0.9984977466199298,0.99999498997996
AI-Worm,31,7985,1996,2786,0.9984947315604616,0.9999949799196787
AI-Worm,43,7985,1996,2786,0.9994977398292315,1.0
AI-Worm,59,7982,1999,2786,0.997997997997998,0.999992992992993
