Seed,Group Type,Group,N,Positive N,Negative N,TP,FN,FP,TN,FNR,FPR,Error Rate
7,Ground-truth state,clean,230,0,230,0,0,2,228,,0.008695652173913044,0.008695652173913044
7,Ground-truth state,exposed,90,0,90,0,0,15,75,,0.16666666666666666,0.16666666666666666
7,Ground-truth state,propagating,144,144,0,123,21,0,0,0.14583333333333334,,0.14583333333333334
7,Operational propagation style,Direct / near-verbatim,75,75,0,68,7,0,0,0.09333333333333334,,0.09333333333333334
7,Operational propagation style,Paraphrased / reformulated,35,35,0,26,9,0,0,0.2571428571428571,,0.2571428571428571
7,Operational propagation style,Structured partial,21,21,0,17,4,0,0,0.19047619047619047,,0.19047619047619047
7,Operational propagation style,Summarized,13,13,0,12,1,0,0,0.07692307692307693,,0.07692307692307693
7,Forward-message length,0-25,242,20,222,10,10,11,211,0.5,0.04954954954954955,0.08677685950413223
7,Forward-message length,26-50,122,56,66,51,5,4,62,0.08928571428571429,0.06060606060606061,0.07377049180327869
7,Forward-message length,51-100,69,43,26,38,5,2,24,0.11627906976744186,0.07692307692307693,0.10144927536231885
7,Forward-message length,>100,31,25,6,24,1,0,6,0.04,0.0,0.03225806451612903
7,Payload-score bin,"[0.00,0.25)",248,109,139,91,18,13,126,0.1651376146788991,0.09352517985611511,0.125
7,Payload-score bin,"[0.25,0.50)",20,1,19,1,0,0,19,0.0,0.0,0.0
7,Payload-score bin,"[0.50,0.75)",9,1,8,1,0,0,8,0.0,0.0,0.0
7,Payload-score bin,"[0.75,1.00]",187,33,154,30,3,4,150,0.09090909090909091,0.025974025974025976,0.0374331550802139
7,content_format,json_structured,132,17,115,14,3,1,114,0.17647058823529413,0.008695652173913044,0.030303030303030304
7,content_format,plain_text,332,127,205,109,18,16,189,0.14173228346456693,0.07804878048780488,0.10240963855421686
7,agent_name,CU-Controller-1,26,4,22,2,2,2,20,0.5,0.09090909090909091,0.15384615384615385
7,agent_name,CU-Controller-10,1,0,1,0,0,0,1,,0.0,0.0
7,agent_name,CU-Controller-12,3,2,1,2,0,0,1,0.0,0.0,0.0
7,agent_name,CU-Controller-13,5,2,3,2,0,1,2,0.0,0.3333333333333333,0.2
7,agent_name,CU-Controller-14,7,5,2,5,0,0,2,0.0,0.0,0.0
7,agent_name,CU-Controller-15,5,3,2,3,0,0,2,0.0,0.0,0.0
7,agent_name,CU-Controller-16,1,1,0,1,0,0,0,0.0,,0.0
7,agent_name,CU-Controller-2,60,9,51,9,0,3,48,0.0,0.058823529411764705,0.05
7,agent_name,CU-Controller-20,1,0,1,0,0,1,0,,1.0,1.0
7,agent_name,CU-Controller-3,18,6,12,5,1,0,12,0.16666666666666666,0.0,0.05555555555555555
7,agent_name,CU-Controller-4,33,8,25,8,0,1,24,0.0,0.04,0.030303030303030304
7,agent_name,CU-Controller-7,19,7,12,7,0,1,11,0.0,0.08333333333333333,0.05263157894736842
7,agent_name,CU-Controller-8,6,0,6,0,0,0,6,,0.0,0.0
7,agent_name,CU-Controller-9,7,4,3,4,0,1,2,0.0,0.3333333333333333,0.14285714285714285
7,agent_name,Edge-Relay-1,72,20,52,19,1,4,48,0.05,0.07692307692307693,0.06944444444444445
7,agent_name,Edge-Relay-10,6,5,1,3,2,0,1,0.4,0.0,0.3333333333333333
7,agent_name,Edge-Relay-11,4,4,0,4,0,0,0,0.0,,0.0
7,agent_name,Edge-Relay-13,3,3,0,3,0,0,0,0.0,,0.0
7,agent_name,Edge-Relay-14,6,6,0,6,0,0,0,0.0,,0.0
7,agent_name,Edge-Relay-15,6,4,2,4,0,1,1,0.0,0.5,0.16666666666666666
7,agent_name,Edge-Relay-16,3,3,0,2,1,0,0,0.3333333333333333,,0.3333333333333333
7,agent_name,Edge-Relay-19,2,0,2,0,0,1,1,,0.5,0.5
7,agent_name,Edge-Relay-2,18,7,11,3,4,0,11,0.5714285714285714,0.0,0.2222222222222222
7,agent_name,Edge-Relay-3,21,9,12,8,1,1,11,0.1111111111111111,0.08333333333333333,0.09523809523809523
7,agent_name,Edge-Relay-4,19,7,12,4,3,0,12,0.42857142857142855,0.0,0.15789473684210525
7,agent_name,Edge-Relay-6,7,5,2,4,1,0,2,0.2,0.0,0.14285714285714285
7,agent_name,Edge-Relay-7,13,4,9,4,0,0,9,0.0,0.0,0.0
7,agent_name,Edge-Relay-8,2,2,0,2,0,0,0,0.0,,0.0
7,agent_name,Edge-Relay-9,2,1,1,1,0,0,1,0.0,0.0,0.0
7,agent_name,SOC-Analyst-11,2,1,1,1,0,0,1,0.0,0.0,0.0
7,agent_name,SOC-Analyst-13,4,2,2,2,0,0,2,0.0,0.0,0.0
7,agent_name,SOC-Analyst-17,4,2,2,2,0,0,2,0.0,0.0,0.0
7,agent_name,SOC-Analyst-3,14,3,11,0,3,0,11,1.0,0.0,0.21428571428571427
7,agent_name,SOC-Analyst-5,22,0,22,0,0,0,22,,0.0,0.0
7,agent_name,SOC-Analyst-8,5,2,3,2,0,0,3,0.0,0.0,0.0
7,agent_name,WG-Sentinel-10,2,1,1,0,1,0,1,1.0,0.0,0.5
7,agent_name,WG-Sentinel-12,4,0,4,0,0,0,4,,0.0,0.0
7,agent_name,WG-Sentinel-15,3,1,2,0,1,0,2,1.0,0.0,0.3333333333333333
7,agent_name,WG-Sentinel-18,3,0,3,0,0,0,3,,0.0,0.0
7,agent_name,WG-Sentinel-5,9,1,8,1,0,0,8,0.0,0.0,0.0
7,agent_name,WG-Sentinel-6,16,0,16,0,0,0,16,,0.0,0.0
7,incoming_source,CU-Controller-1,3,1,2,1,0,0,2,0.0,0.0,0.0
7,incoming_source,CU-Controller-12,2,0,2,0,0,0,2,,0.0,0.0
7,incoming_source,CU-Controller-13,3,0,3,0,0,0,3,,0.0,0.0
7,incoming_source,CU-Controller-14,10,5,5,4,1,1,4,0.2,0.2,0.2
7,incoming_source,CU-Controller-15,5,3,2,2,1,0,2,0.3333333333333333,0.0,0.2
7,incoming_source,CU-Controller-16,1,0,1,0,0,0,1,,0.0,0.0
7,incoming_source,CU-Controller-2,20,5,15,3,2,1,14,0.4,0.06666666666666667,0.15
7,incoming_source,CU-Controller-20,2,0,2,0,0,1,1,,0.5,0.5
7,incoming_source,CU-Controller-3,15,5,10,2,3,0,10,0.6,0.0,0.2
7,incoming_source,CU-Controller-4,25,4,21,2,2,1,20,0.5,0.047619047619047616,0.12
7,incoming_source,CU-Controller-7,14,2,12,1,1,1,11,0.5,0.08333333333333333,0.14285714285714285
7,incoming_source,CU-Controller-8,1,0,1,0,0,0,1,,0.0,0.0
7,incoming_source,CU-Controller-9,3,2,1,1,1,0,1,0.5,0.0,0.3333333333333333
7,incoming_source,Edge-Relay-1,37,5,32,5,0,5,27,0.0,0.15625,0.13513513513513514
7,incoming_source,Edge-Relay-10,5,2,3,2,0,0,3,0.0,0.0,0.0
7,incoming_source,Edge-Relay-11,4,1,3,1,0,1,2,0.0,0.3333333333333333,0.25
7,incoming_source,Edge-Relay-13,6,2,4,2,0,0,4,0.0,0.0,0.0
7,incoming_source,Edge-Relay-14,12,7,5,6,1,1,4,0.14285714285714285,0.2,0.16666666666666666
7,incoming_source,Edge-Relay-15,2,1,1,1,0,0,1,0.0,0.0,0.0
7,incoming_source,Edge-Relay-16,3,3,0,3,0,0,0,0.0,,0.0
7,incoming_source,Edge-Relay-19,2,0,2,0,0,0,2,,0.0,0.0
7,incoming_source,Edge-Relay-2,11,4,7,0,4,0,7,1.0,0.0,0.36363636363636365
7,incoming_source,Edge-Relay-3,20,5,15,5,0,2,13,0.0,0.13333333333333333,0.1
7,incoming_source,Edge-Relay-4,15,4,11,2,2,2,9,0.5,0.18181818181818182,0.26666666666666666
7,incoming_source,Edge-Relay-6,10,4,6,4,0,0,6,0.0,0.0,0.0
7,incoming_source,Edge-Relay-7,14,1,13,1,0,0,13,0.0,0.0,0.0
7,incoming_source,Edge-Relay-8,4,3,1,3,0,0,1,0.0,0.0,0.0
7,incoming_source,Edge-Relay-9,1,0,1,0,0,1,0,,1.0,1.0
7,incoming_source,SOC-Analyst-13,1,0,1,0,0,0,1,,0.0,0.0
7,incoming_source,SOC-Analyst-17,1,0,1,0,0,0,1,,0.0,0.0
7,incoming_source,SOC-Analyst-3,12,0,12,0,0,0,12,,0.0,0.0
7,incoming_source,SOC-Analyst-5,16,0,16,0,0,0,16,,0.0,0.0
7,incoming_source,SOC-Analyst-8,3,2,1,2,0,0,1,0.0,0.0,0.0
7,incoming_source,WG-Sentinel-18,1,0,1,0,0,0,1,,0.0,0.0
7,incoming_source,WG-Sentinel-5,2,1,1,1,0,0,1,0.0,0.0,0.0
7,incoming_source,WG-Sentinel-6,9,0,9,0,0,0,9,,0.0,0.0
7,incoming_source,external-seed,169,72,97,69,3,0,97,0.041666666666666664,0.0,0.01775147928994083
7,scenario_label,benign,210,0,210,0,0,1,209,,0.004761904761904762,0.004761904761904762
7,scenario_label,malicious,254,144,110,123,21,16,94,0.14583333333333334,0.14545454545454545,0.14566929133858267
7,network_size,4,63,22,41,16,6,2,39,0.2727272727272727,0.04878048780487805,0.12698412698412698
7,network_size,8,74,19,55,13,6,2,53,0.3157894736842105,0.03636363636363636,0.10810810810810811
7,network_size,10,92,25,67,22,3,3,64,0.12,0.04477611940298507,0.06521739130434782
7,network_size,15,98,33,65,31,2,5,60,0.06060606060606061,0.07692307692307693,0.07142857142857142
7,network_size,20,137,45,92,41,4,5,87,0.08888888888888889,0.05434782608695652,0.06569343065693431
19,Ground-truth state,clean,260,0,260,0,0,3,257,,0.011538461538461539,0.011538461538461539
19,Ground-truth state,exposed,104,0,104,0,0,23,81,,0.22115384615384615,0.22115384615384615
19,Ground-truth state,propagating,150,150,0,132,18,0,0,0.12,,0.12
19,Operational propagation style,Direct / near-verbatim,74,74,0,70,4,0,0,0.05405405405405406,,0.05405405405405406
19,Operational propagation style,Paraphrased / reformulated,38,38,0,32,6,0,0,0.15789473684210525,,0.15789473684210525
19,Operational propagation style,Structured partial,16,16,0,9,7,0,0,0.4375,,0.4375
19,Operational propagation style,Summarized,22,22,0,21,1,0,0,0.045454545454545456,,0.045454545454545456
19,Forward-message length,0-25,281,24,257,14,10,22,235,0.4166666666666667,0.08560311284046693,0.11387900355871886
19,Forward-message length,26-50,102,33,69,30,3,1,68,0.09090909090909091,0.014492753623188406,0.0392156862745098
19,Forward-message length,51-100,86,54,32,49,5,2,30,0.09259259259259259,0.0625,0.08139534883720931
19,Forward-message length,>100,45,39,6,39,0,1,5,0.0,0.16666666666666666,0.022222222222222223
19,Payload-score bin,"[0.00,0.25)",284,112,172,100,12,17,155,0.10714285714285714,0.09883720930232558,0.10211267605633803
19,Payload-score bin,"[0.25,0.50)",18,2,16,2,0,1,15,0.0,0.0625,0.05555555555555555
19,Payload-score bin,"[0.50,0.75)",16,4,12,4,0,0,12,0.0,0.0,0.0
19,Payload-score bin,"[0.75,1.00]",196,32,164,26,6,8,156,0.1875,0.04878048780487805,0.07142857142857142
19,content_format,json_structured,136,13,123,8,5,5,118,0.38461538461538464,0.04065040650406504,0.07352941176470588
19,content_format,plain_text,378,137,241,124,13,21,220,0.0948905109489051,0.08713692946058091,0.08994708994708994
19,agent_name,CU-Controller-1,32,4,28,3,1,7,21,0.25,0.25,0.25
19,agent_name,CU-Controller-10,3,0,3,0,0,0,3,,0.0,0.0
19,agent_name,CU-Controller-12,3,2,1,2,0,0,1,0.0,0.0,0.0
19,agent_name,CU-Controller-13,6,3,3,3,0,1,2,0.0,0.3333333333333333,0.16666666666666666
19,agent_name,CU-Controller-14,9,5,4,5,0,2,2,0.0,0.5,0.2222222222222222
19,agent_name,CU-Controller-15,4,1,3,1,0,0,3,0.0,0.0,0.0
19,agent_name,CU-Controller-16,1,0,1,0,0,0,1,,0.0,0.0
19,agent_name,CU-Controller-2,75,11,64,11,0,1,63,0.0,0.015625,0.013333333333333334
19,agent_name,CU-Controller-20,1,0,1,0,0,0,1,,0.0,0.0
19,agent_name,CU-Controller-3,18,9,9,8,1,0,9,0.1111111111111111,0.0,0.05555555555555555
19,agent_name,CU-Controller-4,34,10,24,8,2,2,22,0.2,0.08333333333333333,0.11764705882352941
19,agent_name,CU-Controller-7,16,3,13,2,1,0,13,0.3333333333333333,0.0,0.0625
19,agent_name,CU-Controller-8,10,2,8,2,0,0,8,0.0,0.0,0.0
19,agent_name,CU-Controller-9,2,1,1,1,0,0,1,0.0,0.0,0.0
19,agent_name,Edge-Relay-1,74,13,61,11,2,7,54,0.15384615384615385,0.11475409836065574,0.12162162162162163
19,agent_name,Edge-Relay-10,5,3,2,2,1,0,2,0.3333333333333333,0.0,0.2
19,agent_name,Edge-Relay-11,3,3,0,3,0,0,0,0.0,,0.0
19,agent_name,Edge-Relay-13,9,8,1,7,1,0,1,0.125,0.0,0.1111111111111111
19,agent_name,Edge-Relay-14,8,7,1,7,0,0,1,0.0,0.0,0.0
19,agent_name,Edge-Relay-15,7,6,1,6,0,0,1,0.0,0.0,0.0
19,agent_name,Edge-Relay-16,2,1,1,0,1,1,0,1.0,1.0,1.0
19,agent_name,Edge-Relay-2,28,10,18,9,1,1,17,0.1,0.05555555555555555,0.07142857142857142
19,agent_name,Edge-Relay-3,27,17,10,15,2,0,10,0.11764705882352941,0.0,0.07407407407407407
19,agent_name,Edge-Relay-4,19,9,10,7,2,0,10,0.2222222222222222,0.0,0.10526315789473684
19,agent_name,Edge-Relay-6,10,4,6,4,0,0,6,0.0,0.0,0.0
19,agent_name,Edge-Relay-7,11,5,6,5,0,0,6,0.0,0.0,0.0
19,agent_name,Edge-Relay-8,3,1,2,1,0,0,2,0.0,0.0,0.0
19,agent_name,Edge-Relay-9,2,0,2,0,0,0,2,,0.0,0.0
19,agent_name,SOC-Analyst-11,5,0,5,0,0,1,4,,0.2,0.2
19,agent_name,SOC-Analyst-13,2,1,1,1,0,0,1,0.0,0.0,0.0
19,agent_name,SOC-Analyst-17,2,1,1,1,0,0,1,0.0,0.0,0.0
19,agent_name,SOC-Analyst-3,16,1,15,1,0,0,15,0.0,0.0,0.0
19,agent_name,SOC-Analyst-5,22,1,21,1,0,0,21,0.0,0.0,0.0
19,agent_name,SOC-Analyst-8,3,0,3,0,0,1,2,,0.3333333333333333,0.3333333333333333
19,agent_name,WG-Sentinel-10,2,1,1,1,0,0,1,0.0,0.0,0.0
19,agent_name,WG-Sentinel-12,15,2,13,1,1,2,11,0.5,0.15384615384615385,0.2
19,agent_name,WG-Sentinel-20,1,0,1,0,0,0,1,,0.0,0.0
19,agent_name,WG-Sentinel-5,14,3,11,2,1,0,11,0.3333333333333333,0.0,0.07142857142857142
19,agent_name,WG-Sentinel-6,10,2,8,1,1,0,8,0.5,0.0,0.1
19,incoming_source,CU-Controller-1,3,1,2,1,0,0,2,0.0,0.0,0.0
19,incoming_source,CU-Controller-10,2,0,2,0,0,0,2,,0.0,0.0
19,incoming_source,CU-Controller-12,2,0,2,0,0,0,2,,0.0,0.0
19,incoming_source,CU-Controller-13,6,0,6,0,0,0,6,,0.0,0.0
19,incoming_source,CU-Controller-14,9,6,3,5,1,2,1,0.16666666666666666,0.6666666666666666,0.3333333333333333
19,incoming_source,CU-Controller-15,4,1,3,0,1,2,1,1.0,0.6666666666666666,0.75
19,incoming_source,CU-Controller-2,28,6,22,4,2,2,20,0.3333333333333333,0.09090909090909091,0.14285714285714285
19,incoming_source,CU-Controller-3,20,6,14,6,0,2,12,0.0,0.14285714285714285,0.1
19,incoming_source,CU-Controller-4,27,6,21,5,1,1,20,0.16666666666666666,0.047619047619047616,0.07407407407407407
19,incoming_source,CU-Controller-7,13,0,13,0,0,1,12,,0.07692307692307693,0.07692307692307693
19,incoming_source,CU-Controller-8,1,0,1,0,0,0,1,,0.0,0.0
19,incoming_source,Edge-Relay-1,34,4,30,4,0,1,29,0.0,0.03333333333333333,0.029411764705882353
19,incoming_source,Edge-Relay-10,3,0,3,0,0,0,3,,0.0,0.0
19,incoming_source,Edge-Relay-11,4,2,2,2,0,2,0,0.0,1.0,0.5
19,incoming_source,Edge-Relay-13,15,5,10,4,1,1,9,0.2,0.1,0.13333333333333333
19,incoming_source,Edge-Relay-14,12,4,8,4,0,3,5,0.0,0.375,0.25
19,incoming_source,Edge-Relay-15,4,1,3,1,0,2,1,0.0,0.6666666666666666,0.5
19,incoming_source,Edge-Relay-16,3,1,2,1,0,0,2,0.0,0.0,0.0
19,incoming_source,Edge-Relay-2,11,4,7,2,2,1,6,0.5,0.14285714285714285,0.2727272727272727
19,incoming_source,Edge-Relay-3,32,6,26,6,0,2,24,0.0,0.07692307692307693,0.0625
19,incoming_source,Edge-Relay-4,27,10,17,8,2,2,15,0.2,0.11764705882352941,0.14814814814814814
19,incoming_source,Edge-Relay-6,14,3,11,2,1,0,11,0.3333333333333333,0.0,0.07142857142857142
19,incoming_source,Edge-Relay-7,10,4,6,3,1,0,6,0.25,0.0,0.1
19,incoming_source,Edge-Relay-8,2,1,1,1,0,0,1,0.0,0.0,0.0
19,incoming_source,Edge-Relay-9,2,0,2,0,0,0,2,,0.0,0.0
19,incoming_source,SOC-Analyst-11,3,0,3,0,0,0,3,,0.0,0.0
19,incoming_source,SOC-Analyst-13,1,0,1,0,0,0,1,,0.0,0.0
19,incoming_source,SOC-Analyst-3,15,1,14,0,1,0,14,1.0,0.0,0.06666666666666667
19,incoming_source,SOC-Analyst-5,11,2,9,2,0,0,9,0.0,0.0,0.0
19,incoming_source,SOC-Analyst-8,2,0,2,0,0,0,2,,0.0,0.0
19,incoming_source,WG-Sentinel-10,1,1,0,1,0,0,0,0.0,,0.0
19,incoming_source,WG-Sentinel-12,6,0,6,0,0,1,5,,0.16666666666666666,0.16666666666666666
19,incoming_source,WG-Sentinel-5,7,3,4,1,2,0,4,0.6666666666666666,0.0,0.2857142857142857
19,incoming_source,WG-Sentinel-6,6,0,6,0,0,0,6,,0.0,0.0
19,incoming_source,external-seed,174,72,102,69,3,1,101,0.041666666666666664,0.00980392156862745,0.022988505747126436
19,scenario_label,benign,225,0,225,0,0,1,224,,0.0044444444444444444,0.0044444444444444444
19,scenario_label,malicious,289,150,139,132,18,25,114,0.12,0.17985611510791366,0.14878892733564014
19,network_size,4,106,31,75,26,5,6,69,0.16129032258064516,0.08,0.10377358490566038
19,network_size,8,106,31,75,26,5,5,70,0.16129032258064516,0.06666666666666667,0.09433962264150944
19,network_size,10,79,19,60,15,4,2,58,0.21052631578947367,0.03333333333333333,0.0759493670886076
19,network_size,15,101,31,70,29,2,7,63,0.06451612903225806,0.1,0.0891089108910891
19,network_size,20,122,38,84,36,2,6,78,0.05263157894736842,0.07142857142857142,0.06557377049180328
31,Ground-truth state,clean,244,0,244,0,0,0,244,,0.0,0.0
31,Ground-truth state,exposed,93,0,93,0,0,4,89,,0.043010752688172046,0.043010752688172046
31,Ground-truth state,propagating,141,141,0,106,35,0,0,0.24822695035460993,,0.24822695035460993
31,Operational propagation style,Direct / near-verbatim,70,70,0,56,14,0,0,0.2,,0.2
31,Operational propagation style,Paraphrased / reformulated,38,38,0,28,10,0,0,0.2631578947368421,,0.2631578947368421
31,Operational propagation style,Structured partial,11,11,0,4,7,0,0,0.6363636363636364,,0.6363636363636364
31,Operational propagation style,Summarized,22,22,0,18,4,0,0,0.18181818181818182,,0.18181818181818182
31,Forward-message length,0-25,268,26,242,10,16,3,239,0.6153846153846154,0.012396694214876033,0.0708955223880597
31,Forward-message length,26-50,111,41,70,35,6,1,69,0.14634146341463414,0.014285714285714285,0.06306306306306306
31,Forward-message length,51-100,61,42,19,32,10,0,19,0.23809523809523808,0.0,0.16393442622950818
31,Forward-message length,>100,38,32,6,29,3,0,6,0.09375,0.0,0.07894736842105263
31,Payload-score bin,"[0.00,0.25)",291,121,170,92,29,3,167,0.2396694214876033,0.01764705882352941,0.10996563573883161
31,Payload-score bin,"[0.25,0.50)",16,1,15,1,0,0,15,0.0,0.0,0.0
31,Payload-score bin,"[0.50,0.75)",14,0,14,0,0,0,14,,0.0,0.0
31,Payload-score bin,"[0.75,1.00]",157,19,138,13,6,1,137,0.3157894736842105,0.007246376811594203,0.044585987261146494
31,content_format,json_structured,124,9,115,3,6,0,115,0.6666666666666666,0.0,0.04838709677419355
31,content_format,plain_text,354,132,222,103,29,4,218,0.2196969696969697,0.018018018018018018,0.09322033898305085
31,agent_name,CU-Controller-1,25,5,20,3,2,0,20,0.4,0.0,0.08
31,agent_name,CU-Controller-10,6,2,4,1,1,0,4,0.5,0.0,0.16666666666666666
31,agent_name,CU-Controller-12,6,3,3,2,1,0,3,0.3333333333333333,0.0,0.16666666666666666
31,agent_name,CU-Controller-13,5,3,2,3,0,1,1,0.0,0.5,0.2
31,agent_name,CU-Controller-14,12,7,5,7,0,1,4,0.0,0.2,0.08333333333333333
31,agent_name,CU-Controller-15,4,3,1,3,0,0,1,0.0,0.0,0.0
31,agent_name,CU-Controller-16,3,1,2,1,0,0,2,0.0,0.0,0.0
31,agent_name,CU-Controller-2,67,7,60,4,3,0,60,0.42857142857142855,0.0,0.04477611940298507
31,agent_name,CU-Controller-20,1,0,1,0,0,0,1,,0.0,0.0
31,agent_name,CU-Controller-3,13,4,9,3,1,0,9,0.25,0.0,0.07692307692307693
31,agent_name,CU-Controller-4,34,8,26,6,2,0,26,0.25,0.0,0.058823529411764705
31,agent_name,CU-Controller-7,11,2,9,1,1,0,9,0.5,0.0,0.09090909090909091
31,agent_name,CU-Controller-8,6,1,5,1,0,0,5,0.0,0.0,0.0
31,agent_name,CU-Controller-9,4,1,3,0,1,0,3,1.0,0.0,0.25
31,agent_name,Edge-Relay-1,65,12,53,8,4,2,51,0.3333333333333333,0.03773584905660377,0.09230769230769231
31,agent_name,Edge-Relay-10,3,1,2,0,1,0,2,1.0,0.0,0.3333333333333333
31,agent_name,Edge-Relay-11,3,2,1,1,1,0,1,0.5,0.0,0.3333333333333333
31,agent_name,Edge-Relay-13,6,6,0,6,0,0,0,0.0,,0.0
31,agent_name,Edge-Relay-14,5,5,0,5,0,0,0,0.0,,0.0
31,agent_name,Edge-Relay-15,5,3,2,3,0,0,2,0.0,0.0,0.0
31,agent_name,Edge-Relay-16,3,3,0,3,0,0,0,0.0,,0.0
31,agent_name,Edge-Relay-19,1,0,1,0,0,0,1,,0.0,0.0
31,agent_name,Edge-Relay-2,28,9,19,5,4,0,19,0.4444444444444444,0.0,0.14285714285714285
31,agent_name,Edge-Relay-3,36,19,17,18,1,0,17,0.05263157894736842,0.0,0.027777777777777776
31,agent_name,Edge-Relay-4,14,8,6,4,4,0,6,0.5,0.0,0.2857142857142857
31,agent_name,Edge-Relay-6,7,5,2,2,3,0,2,0.6,0.0,0.42857142857142855
31,agent_name,Edge-Relay-7,11,5,6,5,0,0,6,0.0,0.0,0.0
31,agent_name,Edge-Relay-8,3,2,1,2,0,0,1,0.0,0.0,0.0
31,agent_name,Edge-Relay-9,6,4,2,4,0,0,2,0.0,0.0,0.0
31,agent_name,SOC-Analyst-11,5,1,4,0,1,0,4,1.0,0.0,0.2
31,agent_name,SOC-Analyst-13,7,4,3,3,1,0,3,0.25,0.0,0.14285714285714285
31,agent_name,SOC-Analyst-17,5,1,4,1,0,0,4,0.0,0.0,0.0
31,agent_name,SOC-Analyst-3,10,0,10,0,0,0,10,,0.0,0.0
31,agent_name,SOC-Analyst-5,19,1,18,1,0,0,18,0.0,0.0,0.0
31,agent_name,SOC-Analyst-8,3,0,3,0,0,0,3,,0.0,0.0
31,agent_name,WG-Sentinel-10,3,0,3,0,0,0,3,,0.0,0.0
31,agent_name,WG-Sentinel-12,7,0,7,0,0,0,7,,0.0,0.0
31,agent_name,WG-Sentinel-15,3,0,3,0,0,0,3,,0.0,0.0
31,agent_name,WG-Sentinel-18,2,0,2,0,0,0,2,,0.0,0.0
31,agent_name,WG-Sentinel-20,1,0,1,0,0,0,1,,0.0,0.0
31,agent_name,WG-Sentinel-5,7,1,6,0,1,0,6,1.0,0.0,0.14285714285714285
31,agent_name,WG-Sentinel-6,13,2,11,0,2,0,11,1.0,0.0,0.15384615384615385
31,incoming_source,CU-Controller-1,6,3,3,2,1,0,3,0.3333333333333333,0.0,0.16666666666666666
31,incoming_source,CU-Controller-10,2,1,1,0,1,0,1,1.0,0.0,0.5
31,incoming_source,CU-Controller-12,4,1,3,1,0,0,3,0.0,0.0,0.0
31,incoming_source,CU-Controller-13,5,0,5,0,0,0,5,,0.0,0.0
31,incoming_source,CU-Controller-14,10,3,7,2,1,0,7,0.3333333333333333,0.0,0.1
31,incoming_source,CU-Controller-15,5,3,2,2,1,0,2,0.3333333333333333,0.0,0.2
31,incoming_source,CU-Controller-16,2,0,2,0,0,0,2,,0.0,0.0
31,incoming_source,CU-Controller-2,19,3,16,3,0,0,16,0.0,0.0,0.0
31,incoming_source,CU-Controller-20,1,0,1,0,0,0,1,,0.0,0.0
31,incoming_source,CU-Controller-3,15,6,9,3,3,0,9,0.5,0.0,0.2
31,incoming_source,CU-Controller-4,27,3,24,0,3,0,24,1.0,0.0,0.1111111111111111
31,incoming_source,CU-Controller-7,11,1,10,0,1,0,10,1.0,0.0,0.09090909090909091
31,incoming_source,CU-Controller-8,7,3,4,3,0,0,4,0.0,0.0,0.0
31,incoming_source,CU-Controller-9,1,0,1,0,0,0,1,,0.0,0.0
31,incoming_source,Edge-Relay-1,31,3,28,1,2,0,28,0.6666666666666666,0.0,0.06451612903225806
31,incoming_source,Edge-Relay-10,2,1,1,0,1,0,1,1.0,0.0,0.5
31,incoming_source,Edge-Relay-11,5,2,3,1,1,1,2,0.5,0.3333333333333333,0.4
31,incoming_source,Edge-Relay-13,9,2,7,2,0,0,7,0.0,0.0,0.0
31,incoming_source,Edge-Relay-14,9,6,3,6,0,1,2,0.0,0.3333333333333333,0.1111111111111111
31,incoming_source,Edge-Relay-15,6,3,3,3,0,1,2,0.0,0.3333333333333333,0.16666666666666666
31,incoming_source,Edge-Relay-16,4,2,2,2,0,0,2,0.0,0.0,0.0
31,incoming_source,Edge-Relay-19,1,0,1,0,0,0,1,,0.0,0.0
31,incoming_source,Edge-Relay-2,12,5,7,2,3,0,7,0.6,0.0,0.25
31,incoming_source,Edge-Relay-3,35,7,28,3,4,0,28,0.5714285714285714,0.0,0.11428571428571428
31,incoming_source,Edge-Relay-4,13,4,9,2,2,0,9,0.5,0.0,0.15384615384615385
31,incoming_source,Edge-Relay-6,8,1,7,0,1,0,7,1.0,0.0,0.125
31,incoming_source,Edge-Relay-7,13,2,11,0,2,1,10,1.0,0.09090909090909091,0.23076923076923078
31,incoming_source,Edge-Relay-8,2,0,2,0,0,0,2,,0.0,0.0
31,incoming_source,Edge-Relay-9,5,2,3,1,1,0,3,0.5,0.0,0.2
31,incoming_source,SOC-Analyst-11,3,0,3,0,0,0,3,,0.0,0.0
31,incoming_source,SOC-Analyst-13,4,0,4,0,0,0,4,,0.0,0.0
31,incoming_source,SOC-Analyst-17,1,0,1,0,0,0,1,,0.0,0.0
31,incoming_source,SOC-Analyst-3,7,0,7,0,0,0,7,,0.0,0.0
31,incoming_source,SOC-Analyst-5,10,1,9,0,1,0,9,1.0,0.0,0.1
31,incoming_source,SOC-Analyst-8,2,0,2,0,0,0,2,,0.0,0.0
31,incoming_source,WG-Sentinel-12,3,0,3,0,0,0,3,,0.0,0.0
31,incoming_source,WG-Sentinel-15,1,0,1,0,0,0,1,,0.0,0.0
31,incoming_source,WG-Sentinel-18,1,0,1,0,0,0,1,,0.0,0.0
31,incoming_source,WG-Sentinel-5,1,1,0,0,1,0,0,1.0,,1.0
31,incoming_source,WG-Sentinel-6,7,1,6,1,0,0,6,0.0,0.0,0.0
31,incoming_source,external-seed,168,71,97,66,5,0,97,0.07042253521126761,0.0,0.02976190476190476
31,scenario_label,benign,193,0,193,0,0,0,193,,0.0,0.0
31,scenario_label,malicious,285,141,144,106,35,4,140,0.24822695035460993,0.027777777777777776,0.1368421052631579
31,network_size,4,68,19,49,16,3,0,49,0.15789473684210525,0.0,0.04411764705882353
31,network_size,8,99,35,64,22,13,0,64,0.37142857142857144,0.0,0.13131313131313133
31,network_size,10,101,29,72,20,9,0,72,0.3103448275862069,0.0,0.0891089108910891
31,network_size,15,116,32,84,25,7,4,80,0.21875,0.047619047619047616,0.09482758620689655
31,network_size,20,94,26,68,23,3,0,68,0.11538461538461539,0.0,0.031914893617021274
43,Ground-truth state,clean,258,0,258,0,0,2,256,,0.007751937984496124,0.007751937984496124
43,Ground-truth state,exposed,99,0,99,0,0,14,85,,0.1414141414141414,0.1414141414141414
43,Ground-truth state,propagating,147,147,0,118,29,0,0,0.19727891156462585,,0.19727891156462585
43,Operational propagation style,Direct / near-verbatim,67,67,0,58,9,0,0,0.13432835820895522,,0.13432835820895522
43,Operational propagation style,Paraphrased / reformulated,50,50,0,39,11,0,0,0.22,,0.22
43,Operational propagation style,Structured partial,13,13,0,7,6,0,0,0.46153846153846156,,0.46153846153846156
43,Operational propagation style,Summarized,17,17,0,14,3,0,0,0.17647058823529413,,0.17647058823529413
43,Forward-message length,0-25,269,23,246,12,11,12,234,0.4782608695652174,0.04878048780487805,0.08550185873605948
43,Forward-message length,26-50,113,42,71,32,10,1,70,0.23809523809523808,0.014084507042253521,0.09734513274336283
43,Forward-message length,51-100,72,45,27,38,7,2,25,0.15555555555555556,0.07407407407407407,0.125
43,Forward-message length,>100,50,37,13,36,1,1,12,0.02702702702702703,0.07692307692307693,0.04
43,Payload-score bin,"[0.00,0.25)",279,114,165,91,23,11,154,0.20175438596491227,0.06666666666666667,0.12186379928315412
43,Payload-score bin,"[0.25,0.50)",17,1,16,1,0,0,16,0.0,0.0,0.0
43,Payload-score bin,"[0.50,0.75)",18,1,17,1,0,0,17,0.0,0.0,0.0
43,Payload-score bin,"[0.75,1.00]",190,31,159,25,6,5,154,0.1935483870967742,0.031446540880503145,0.05789473684210526
43,content_format,json_structured,145,11,134,6,5,0,134,0.45454545454545453,0.0,0.034482758620689655
43,content_format,plain_text,359,136,223,112,24,16,207,0.17647058823529413,0.07174887892376682,0.11142061281337047
43,agent_name,CU-Controller-1,30,3,27,1,2,3,24,0.6666666666666666,0.1111111111111111,0.16666666666666666
43,agent_name,CU-Controller-10,5,1,4,0,1,0,4,1.0,0.0,0.2
43,agent_name,CU-Controller-12,5,4,1,3,1,0,1,0.25,0.0,0.2
43,agent_name,CU-Controller-13,5,5,0,4,1,0,0,0.2,,0.2
43,agent_name,CU-Controller-14,10,5,5,5,0,1,4,0.0,0.2,0.1
43,agent_name,CU-Controller-15,7,5,2,5,0,0,2,0.0,0.0,0.0
43,agent_name,CU-Controller-16,2,1,1,1,0,1,0,0.0,1.0,0.5
43,agent_name,CU-Controller-2,62,4,58,4,0,0,58,0.0,0.0,0.0
43,agent_name,CU-Controller-3,17,9,8,7,2,0,8,0.2222222222222222,0.0,0.11764705882352941
43,agent_name,CU-Controller-4,31,7,24,7,0,1,23,0.0,0.041666666666666664,0.03225806451612903
43,agent_name,CU-Controller-7,15,4,11,3,1,0,11,0.25,0.0,0.06666666666666667
43,agent_name,CU-Controller-8,6,2,4,2,0,0,4,0.0,0.0,0.0
43,agent_name,CU-Controller-9,3,2,1,2,0,0,1,0.0,0.0,0.0
43,agent_name,Edge-Relay-1,64,11,53,8,3,4,49,0.2727272727272727,0.07547169811320754,0.109375
43,agent_name,Edge-Relay-10,2,1,1,0,1,0,1,1.0,0.0,0.5
43,agent_name,Edge-Relay-11,5,5,0,4,1,0,0,0.2,,0.2
43,agent_name,Edge-Relay-13,8,7,1,7,0,0,1,0.0,0.0,0.0
43,agent_name,Edge-Relay-14,7,7,0,7,0,0,0,0.0,,0.0
43,agent_name,Edge-Relay-15,5,3,2,3,0,1,1,0.0,0.5,0.2
43,agent_name,Edge-Relay-16,5,5,0,3,2,0,0,0.4,,0.4
43,agent_name,Edge-Relay-2,31,7,24,2,5,1,23,0.7142857142857143,0.041666666666666664,0.1935483870967742
43,agent_name,Edge-Relay-3,21,8,13,7,1,0,13,0.125,0.0,0.047619047619047616
43,agent_name,Edge-Relay-4,15,7,8,4,3,0,8,0.42857142857142855,0.0,0.2
43,agent_name,Edge-Relay-6,12,7,5,7,0,0,5,0.0,0.0,0.0
43,agent_name,Edge-Relay-7,10,7,3,7,0,0,3,0.0,0.0,0.0
43,agent_name,Edge-Relay-8,3,2,1,2,0,0,1,0.0,0.0,0.0
43,agent_name,Edge-Relay-9,4,3,1,3,0,0,1,0.0,0.0,0.0
43,agent_name,SOC-Analyst-11,4,1,3,0,1,1,2,1.0,0.3333333333333333,0.5
43,agent_name,SOC-Analyst-13,6,3,3,3,0,0,3,0.0,0.0,0.0
43,agent_name,SOC-Analyst-17,5,3,2,3,0,0,2,0.0,0.0,0.0
43,agent_name,SOC-Analyst-3,15,2,13,0,2,0,13,1.0,0.0,0.13333333333333333
43,agent_name,SOC-Analyst-5,29,0,29,0,0,1,28,,0.034482758620689655,0.034482758620689655
43,agent_name,SOC-Analyst-8,6,1,5,1,0,0,5,0.0,0.0,0.0
43,agent_name,WG-Sentinel-10,8,2,6,1,1,0,6,0.5,0.0,0.125
43,agent_name,WG-Sentinel-12,9,0,9,0,0,1,8,,0.1111111111111111,0.1111111111111111
43,agent_name,WG-Sentinel-15,4,1,3,1,0,0,3,0.0,0.0,0.0
43,agent_name,WG-Sentinel-18,1,0,1,0,0,0,1,,0.0,0.0
43,agent_name,WG-Sentinel-5,9,0,9,0,0,0,9,,0.0,0.0
43,agent_name,WG-Sentinel-6,18,2,16,1,1,1,15,0.5,0.0625,0.1111111111111111
43,incoming_source,CU-Controller-1,4,1,3,0,1,0,3,1.0,0.0,0.25
43,incoming_source,CU-Controller-10,2,1,1,0,1,0,1,1.0,0.0,0.5
43,incoming_source,CU-Controller-12,4,2,2,2,0,0,2,0.0,0.0,0.0
43,incoming_source,CU-Controller-13,3,0,3,0,0,1,2,,0.3333333333333333,0.3333333333333333
43,incoming_source,CU-Controller-14,10,3,7,3,0,2,5,0.0,0.2857142857142857,0.2
43,incoming_source,CU-Controller-15,7,5,2,3,2,2,0,0.4,1.0,0.5714285714285714
43,incoming_source,CU-Controller-16,1,0,1,0,0,0,1,,0.0,0.0
43,incoming_source,CU-Controller-2,24,3,21,1,2,1,20,0.6666666666666666,0.047619047619047616,0.125
43,incoming_source,CU-Controller-3,23,6,17,2,4,1,16,0.6666666666666666,0.058823529411764705,0.21739130434782608
43,incoming_source,CU-Controller-4,24,2,22,2,0,1,21,0.0,0.045454545454545456,0.041666666666666664
43,incoming_source,CU-Controller-7,13,2,11,2,0,0,11,0.0,0.0,0.0
43,incoming_source,CU-Controller-8,4,1,3,1,0,0,3,0.0,0.0,0.0
43,incoming_source,CU-Controller-9,1,1,0,0,1,0,0,1.0,,1.0
43,incoming_source,Edge-Relay-1,30,3,27,3,0,0,27,0.0,0.0,0.0
43,incoming_source,Edge-Relay-10,2,0,2,0,0,0,2,,0.0,0.0
43,incoming_source,Edge-Relay-11,12,5,7,4,1,1,6,0.2,0.14285714285714285,0.16666666666666666
43,incoming_source,Edge-Relay-13,11,2,9,2,0,0,9,0.0,0.0,0.0
43,incoming_source,Edge-Relay-14,13,11,2,9,2,0,2,0.18181818181818182,0.0,0.15384615384615385
43,incoming_source,Edge-Relay-15,4,2,2,2,0,2,0,0.0,1.0,0.5
43,incoming_source,Edge-Relay-16,6,5,1,5,0,0,1,0.0,0.0,0.0
43,incoming_source,Edge-Relay-2,13,4,9,0,4,0,9,1.0,0.0,0.3076923076923077
43,incoming_source,Edge-Relay-3,22,3,19,3,0,0,19,0.0,0.0,0.0
43,incoming_source,Edge-Relay-4,19,5,14,3,2,1,13,0.4,0.07142857142857142,0.15789473684210525
43,incoming_source,Edge-Relay-6,14,1,13,0,1,1,12,1.0,0.07692307692307693,0.14285714285714285
43,incoming_source,Edge-Relay-7,12,4,8,3,1,0,8,0.25,0.0,0.08333333333333333
43,incoming_source,Edge-Relay-8,2,0,2,0,0,0,2,,0.0,0.0
43,incoming_source,Edge-Relay-9,3,2,1,1,1,0,1,0.5,0.0,0.3333333333333333
43,incoming_source,SOC-Analyst-11,1,0,1,0,0,0,1,,0.0,0.0
43,incoming_source,SOC-Analyst-13,2,1,1,1,0,0,1,0.0,0.0,0.0
43,incoming_source,SOC-Analyst-17,1,0,1,0,0,0,1,,0.0,0.0
43,incoming_source,SOC-Analyst-3,12,0,12,0,0,1,11,,0.08333333333333333,0.08333333333333333
43,incoming_source,SOC-Analyst-5,18,1,17,1,0,1,16,0.0,0.058823529411764705,0.05555555555555555
43,incoming_source,SOC-Analyst-8,3,1,2,1,0,0,2,0.0,0.0,0.0
43,incoming_source,WG-Sentinel-12,3,0,3,0,0,0,3,,0.0,0.0
43,incoming_source,WG-Sentinel-15,1,0,1,0,0,0,1,,0.0,0.0
43,incoming_source,WG-Sentinel-5,2,0,2,0,0,0,2,,0.0,0.0
43,incoming_source,WG-Sentinel-6,7,0,7,0,0,0,7,,0.0,0.0
43,incoming_source,external-seed,171,70,101,64,6,1,100,0.08571428571428572,0.009900990099009901,0.04093567251461988
43,scenario_label,benign,219,0,219,0,0,2,217,,0.0091324200913242,0.0091324200913242
43,scenario_label,malicious,285,147,138,118,29,14,124,0.19727891156462585,0.10144927536231885,0.15087719298245614
43,network_size,4,66,13,53,8,5,2,51,0.38461538461538464,0.03773584905660377,0.10606060606060606
43,network_size,8,75,18,57,11,7,2,55,0.3888888888888889,0.03508771929824561,0.12
43,network_size,10,100,19,81,16,3,1,80,0.15789473684210525,0.012345679012345678,0.04
43,network_size,15,115,40,75,33,7,7,68,0.175,0.09333333333333334,0.12173913043478261
43,network_size,20,148,57,91,50,7,4,87,0.12280701754385964,0.04395604395604396,0.07432432432432433
59,Ground-truth state,clean,248,0,248,0,0,3,245,,0.012096774193548387,0.012096774193548387
59,Ground-truth state,exposed,96,0,96,0,0,15,81,,0.15625,0.15625
59,Ground-truth state,propagating,136,136,0,118,18,0,0,0.1323529411764706,,0.1323529411764706
59,Operational propagation style,Direct / near-verbatim,57,57,0,54,3,0,0,0.05263157894736842,,0.05263157894736842
59,Operational propagation style,Paraphrased / reformulated,41,41,0,33,8,0,0,0.1951219512195122,,0.1951219512195122
59,Operational propagation style,Structured partial,15,15,0,9,6,0,0,0.4,,0.4
59,Operational propagation style,Summarized,23,23,0,22,1,0,0,0.043478260869565216,,0.043478260869565216
59,Forward-message length,0-25,268,21,247,15,6,14,233,0.2857142857142857,0.05668016194331984,0.07462686567164178
59,Forward-message length,26-50,108,41,67,35,6,3,64,0.14634146341463414,0.04477611940298507,0.08333333333333333
59,Forward-message length,51-100,61,38,23,33,5,1,22,0.13157894736842105,0.043478260869565216,0.09836065573770492
59,Forward-message length,>100,43,36,7,35,1,0,7,0.027777777777777776,0.0,0.023255813953488372
59,Payload-score bin,"[0.00,0.25)",252,89,163,80,9,9,154,0.10112359550561797,0.05521472392638037,0.07142857142857142
59,Payload-score bin,"[0.25,0.50)",19,3,16,3,0,0,16,0.0,0.0,0.0
59,Payload-score bin,"[0.50,0.75)",14,2,12,2,0,0,12,0.0,0.0,0.0
59,Payload-score bin,"[0.75,1.00]",195,42,153,33,9,9,144,0.21428571428571427,0.058823529411764705,0.09230769230769231
59,content_format,json_structured,127,10,117,6,4,1,116,0.4,0.008547008547008548,0.03937007874015748
59,content_format,plain_text,353,126,227,112,14,17,210,0.1111111111111111,0.07488986784140969,0.08781869688385269
59,agent_name,CU-Controller-1,31,1,30,1,0,3,27,0.0,0.1,0.0967741935483871
59,agent_name,CU-Controller-10,4,2,2,2,0,0,2,0.0,0.0,0.0
59,agent_name,CU-Controller-12,5,3,2,3,0,0,2,0.0,0.0,0.0
59,agent_name,CU-Controller-13,2,0,2,0,0,1,1,,0.5,0.5
59,agent_name,CU-Controller-14,4,2,2,2,0,0,2,0.0,0.0,0.0
59,agent_name,CU-Controller-15,2,1,1,1,0,0,1,0.0,0.0,0.0
59,agent_name,CU-Controller-16,2,1,1,1,0,0,1,0.0,0.0,0.0
59,agent_name,CU-Controller-17,1,0,1,0,0,0,1,,0.0,0.0
59,agent_name,CU-Controller-2,67,9,58,8,1,2,56,0.1111111111111111,0.034482758620689655,0.04477611940298507
59,agent_name,CU-Controller-3,12,5,7,5,0,0,7,0.0,0.0,0.0
59,agent_name,CU-Controller-4,41,9,32,8,1,2,30,0.1111111111111111,0.0625,0.07317073170731707
59,agent_name,CU-Controller-7,12,4,8,4,0,0,8,0.0,0.0,0.0
59,agent_name,CU-Controller-8,5,1,4,1,0,0,4,0.0,0.0,0.0
59,agent_name,CU-Controller-9,4,2,2,1,1,0,2,0.5,0.0,0.25
59,agent_name,Edge-Relay-1,72,15,57,12,3,5,52,0.2,0.08771929824561403,0.1111111111111111
59,agent_name,Edge-Relay-10,5,2,3,1,1,0,3,0.5,0.0,0.2
59,agent_name,Edge-Relay-11,8,8,0,7,1,0,0,0.125,,0.125
59,agent_name,Edge-Relay-13,8,8,0,7,1,0,0,0.125,,0.125
59,agent_name,Edge-Relay-14,6,6,0,6,0,0,0,0.0,,0.0
59,agent_name,Edge-Relay-15,6,4,2,4,0,0,2,0.0,0.0,0.0
59,agent_name,Edge-Relay-16,3,3,0,2,1,0,0,0.3333333333333333,,0.3333333333333333
59,agent_name,Edge-Relay-2,17,3,14,2,1,1,13,0.3333333333333333,0.07142857142857142,0.11764705882352941
59,agent_name,Edge-Relay-3,31,15,16,14,1,0,16,0.06666666666666667,0.0,0.03225806451612903
59,agent_name,Edge-Relay-4,16,5,11,5,0,3,8,0.0,0.2727272727272727,0.1875
59,agent_name,Edge-Relay-6,7,4,3,3,1,0,3,0.25,0.0,0.14285714285714285
59,agent_name,Edge-Relay-7,9,5,4,5,0,0,4,0.0,0.0,0.0
59,agent_name,Edge-Relay-8,2,2,0,2,0,0,0,0.0,,0.0
59,agent_name,Edge-Relay-9,5,3,2,3,0,0,2,0.0,0.0,0.0
59,agent_name,SOC-Analyst-11,4,1,3,0,1,0,3,1.0,0.0,0.25
59,agent_name,SOC-Analyst-13,4,3,1,2,1,0,1,0.3333333333333333,0.0,0.25
59,agent_name,SOC-Analyst-17,3,1,2,1,0,0,2,0.0,0.0,0.0
59,agent_name,SOC-Analyst-3,14,1,13,0,1,0,13,1.0,0.0,0.07142857142857142
59,agent_name,SOC-Analyst-5,25,1,24,1,0,0,24,0.0,0.0,0.0
59,agent_name,SOC-Analyst-8,3,0,3,0,0,0,3,,0.0,0.0
59,agent_name,WG-Sentinel-10,8,2,6,2,0,0,6,0.0,0.0,0.0
59,agent_name,WG-Sentinel-12,6,2,4,1,1,0,4,0.5,0.0,0.16666666666666666
59,agent_name,WG-Sentinel-15,2,0,2,0,0,0,2,,0.0,0.0
59,agent_name,WG-Sentinel-5,8,0,8,0,0,0,8,,0.0,0.0
59,agent_name,WG-Sentinel-6,16,2,14,1,1,1,13,0.5,0.07142857142857142,0.125
59,incoming_source,CU-Controller-1,2,0,2,0,0,0,2,,0.0,0.0
59,incoming_source,CU-Controller-10,2,1,1,0,1,0,1,1.0,0.0,0.5
59,incoming_source,CU-Controller-12,5,2,3,2,0,0,3,0.0,0.0,0.0
59,incoming_source,CU-Controller-13,3,0,3,0,0,0,3,,0.0,0.0
59,incoming_source,CU-Controller-14,7,3,4,1,2,0,4,0.6666666666666666,0.0,0.2857142857142857
59,incoming_source,CU-Controller-15,2,1,1,1,0,0,1,0.0,0.0,0.0
59,incoming_source,CU-Controller-16,2,0,2,0,0,0,2,,0.0,0.0
59,incoming_source,CU-Controller-2,32,5,27,4,1,0,27,0.2,0.0,0.03125
59,incoming_source,CU-Controller-3,14,3,11,2,1,4,7,0.3333333333333333,0.36363636363636365,0.35714285714285715
59,incoming_source,CU-Controller-4,30,2,28,2,0,0,28,0.0,0.0,0.0
59,incoming_source,CU-Controller-7,8,1,7,0,1,0,7,1.0,0.0,0.125
59,incoming_source,CU-Controller-8,5,2,3,2,0,0,3,0.0,0.0,0.0
59,incoming_source,CU-Controller-9,1,0,1,0,0,0,1,,0.0,0.0
59,incoming_source,Edge-Relay-1,28,6,22,5,1,1,21,0.16666666666666666,0.045454545454545456,0.07142857142857142
59,incoming_source,Edge-Relay-10,2,0,2,0,0,0,2,,0.0,0.0
59,incoming_source,Edge-Relay-11,14,5,9,4,1,2,7,0.2,0.2222222222222222,0.21428571428571427
59,incoming_source,Edge-Relay-13,10,3,7,2,1,0,7,0.3333333333333333,0.0,0.1
59,incoming_source,Edge-Relay-14,7,2,5,1,1,2,3,0.5,0.4,0.42857142857142855
59,incoming_source,Edge-Relay-15,4,2,2,2,0,1,1,0.0,0.5,0.25
59,incoming_source,Edge-Relay-16,4,2,2,2,0,0,2,0.0,0.0,0.0
59,incoming_source,Edge-Relay-2,6,1,5,1,0,0,5,0.0,0.0,0.0
59,incoming_source,Edge-Relay-3,36,10,26,7,3,3,23,0.3,0.11538461538461539,0.16666666666666666
59,incoming_source,Edge-Relay-4,12,2,10,2,0,2,8,0.0,0.2,0.16666666666666666
59,incoming_source,Edge-Relay-6,6,0,6,0,0,1,5,,0.16666666666666666,0.16666666666666666
59,incoming_source,Edge-Relay-7,11,2,9,1,1,1,8,0.5,0.1111111111111111,0.18181818181818182
59,incoming_source,Edge-Relay-8,4,3,1,3,0,0,1,0.0,0.0,0.0
59,incoming_source,Edge-Relay-9,3,3,0,3,0,0,0,0.0,,0.0
59,incoming_source,SOC-Analyst-11,2,0,2,0,0,0,2,,0.0,0.0
59,incoming_source,SOC-Analyst-13,3,1,2,1,0,0,2,0.0,0.0,0.0
59,incoming_source,SOC-Analyst-3,11,0,11,0,0,1,10,,0.09090909090909091,0.09090909090909091
59,incoming_source,SOC-Analyst-5,16,1,15,1,0,0,15,0.0,0.0,0.0
59,incoming_source,WG-Sentinel-12,3,0,3,0,0,0,3,,0.0,0.0
59,incoming_source,WG-Sentinel-5,4,0,4,0,0,0,4,,0.0,0.0
59,incoming_source,WG-Sentinel-6,9,0,9,0,0,0,9,,0.0,0.0
59,incoming_source,external-seed,172,73,99,69,4,0,99,0.0547945205479452,0.0,0.023255813953488372
59,scenario_label,benign,209,0,209,0,0,2,207,,0.009569377990430622,0.009569377990430622
59,scenario_label,malicious,271,136,135,118,18,16,119,0.1323529411764706,0.11851851851851852,0.12546125461254612
59,network_size,4,56,10,46,9,1,1,45,0.1,0.021739130434782608,0.03571428571428571
59,network_size,8,96,22,74,20,2,8,66,0.09090909090909091,0.10810810810810811,0.10416666666666667
59,network_size,10,120,31,89,28,3,4,85,0.0967741935483871,0.0449438202247191,0.058333333333333334
59,network_size,15,105,42,63,34,8,4,59,0.19047619047619047,0.06349206349206349,0.11428571428571428
59,network_size,20,103,31,72,27,4,1,71,0.12903225806451613,0.013888888888888888,0.04854368932038835
