Held-Out Task,Seed,Protocol,Threshold,Validation Best F1,Train N,Train Runs,Train Positive N,Train Negative N,Validation N,Validation Runs,Validation Positive N,Validation Negative N,Held-Out Test N,Held-Out Test Runs,Held-Out Positive N,Held-Out Negative N,accuracy,precision,recall,f1,roc_auc,pr_auc,fpr,tn,fp,fn,tp
ran_orchestration,7,validation_selected,0.19,0.8873239436619719,902,359,269,633,244,90,71,173,477,172,133,344,0.8742138364779874,0.718562874251497,0.9022556390977443,0.8,0.9687882496940025,0.926564638173992,0.13662790697674418,297,47,13,120
ran_orchestration,7,fixed_0.5,0.5,0.8873239436619719,902,359,269,633,244,90,71,173,477,172,133,344,0.9140461215932913,0.8382352941176471,0.8571428571428571,0.8475836431226765,0.9687882496940025,0.926564638173992,0.06395348837209303,322,22,19,114
ran_orchestration,19,validation_selected,0.6200000000000001,0.8503937007874016,908,359,276,632,238,90,64,174,477,172,133,344,0.9245283018867925,0.9145299145299145,0.8045112781954887,0.856,0.9697499562860639,0.9322915464800214,0.029069767441860465,334,10,26,107
ran_orchestration,19,fixed_0.5,0.5,0.8503937007874016,908,359,276,632,238,90,64,174,477,172,133,344,0.9308176100628931,0.8787878787878788,0.8721804511278195,0.8754716981132076,0.9697499562860639,0.9322915464800214,0.046511627906976744,328,16,17,116
ran_orchestration,31,validation_selected,0.39000000000000007,0.8888888888888888,921,359,278,643,225,90,62,163,477,172,133,344,0.9014675052410901,0.7945205479452054,0.8721804511278195,0.8315412186379928,0.9680232558139534,0.9155522697065797,0.0872093023255814,314,30,17,116
ran_orchestration,31,fixed_0.5,0.5,0.8888888888888888,921,359,278,643,225,90,62,163,477,172,133,344,0.909853249475891,0.8260869565217391,0.8571428571428571,0.8413284132841329,0.9680232558139534,0.9155522697065797,0.06976744186046512,320,24,19,114
ran_orchestration,43,validation_selected,0.33,0.8695652173913043,916,359,267,649,230,90,73,157,477,172,133,344,0.909853249475891,0.8040540540540541,0.8947368421052632,0.8469750889679716,0.9666681237978667,0.9315813835569986,0.08430232558139535,315,29,14,119
ran_orchestration,43,fixed_0.5,0.5,0.8695652173913043,916,359,267,649,230,90,73,157,477,172,133,344,0.9161425576519916,0.8345323741007195,0.8721804511278195,0.8529411764705882,0.9666681237978667,0.9315813835569986,0.06686046511627906,321,23,17,116
ran_orchestration,59,validation_selected,0.8200000000000002,0.8703703703703703,906,359,281,625,240,90,59,181,477,172,133,344,0.9161425576519916,0.9345794392523364,0.7518796992481203,0.8333333333333334,0.9712580870781606,0.9386955130042414,0.020348837209302327,337,7,33,100
ran_orchestration,59,fixed_0.5,0.5,0.8703703703703703,906,359,281,625,240,90,59,181,477,172,133,344,0.9119496855345912,0.8181818181818182,0.8796992481203008,0.8478260869565217,0.9712580870781606,0.9386955130042414,0.0755813953488372,318,26,16,117
slice_management,7,validation_selected,0.4700000000000001,0.9064748201438849,936,356,251,685,218,88,71,147,469,177,151,318,0.9147121535181236,0.8936170212765957,0.8344370860927153,0.863013698630137,0.9542879753425799,0.9177972302043698,0.04716981132075472,303,15,25,126
slice_management,7,fixed_0.5,0.5,0.9064748201438849,936,356,251,685,218,88,71,147,469,177,151,318,0.9147121535181236,0.8992805755395683,0.8278145695364238,0.8620689655172413,0.9542879753425799,0.9177972302043698,0.0440251572327044,304,14,26,125
slice_management,19,validation_selected,0.8100000000000002,0.8761904761904762,945,356,266,679,209,88,56,153,469,177,151,318,0.8742004264392325,0.9423076923076923,0.6490066225165563,0.7686274509803922,0.9602440751384897,0.9245791342843922,0.018867924528301886,312,6,53,98
slice_management,19,fixed_0.5,0.5,0.8761904761904762,945,356,266,679,209,88,56,153,469,177,151,318,0.906183368869936,0.8689655172413793,0.8344370860927153,0.8513513513513513,0.9602440751384897,0.9245791342843922,0.059748427672955975,299,19,25,126
slice_management,31,validation_selected,0.5100000000000001,0.9357798165137615,931,356,267,664,223,88,55,168,469,177,151,318,0.9125799573560768,0.8985507246376812,0.8211920529801324,0.8581314878892734,0.956974467907868,0.9291118569691609,0.0440251572327044,304,14,27,124
slice_management,31,fixed_0.5,0.5,0.9357798165137615,931,356,267,664,223,88,55,168,469,177,151,318,0.9147121535181236,0.8992805755395683,0.8278145695364238,0.8620689655172413,0.956974467907868,0.9291118569691609,0.0440251572327044,304,14,26,125
slice_management,43,validation_selected,0.5600000000000002,0.8524590163934426,911,356,263,648,243,88,59,184,469,177,151,318,0.9040511727078892,0.8840579710144928,0.8079470198675497,0.8442906574394463,0.9493523262110042,0.9007939756521874,0.050314465408805034,302,16,29,122
slice_management,43,fixed_0.5,0.5,0.8524590163934426,911,356,263,648,243,88,59,184,469,177,151,318,0.906183368869936,0.8741258741258742,0.8278145695364238,0.8503401360544217,0.9493523262110042,0.9007939756521874,0.05660377358490566,300,18,26,125
slice_management,59,validation_selected,0.6800000000000002,0.907563025210084,920,356,262,658,234,88,60,174,469,177,151,318,0.8891257995735607,0.9230769230769231,0.7152317880794702,0.8059701492537313,0.9552876004831522,0.9253664486343068,0.02830188679245283,309,9,43,108
slice_management,59,fixed_0.5,0.5,0.907563025210084,920,356,262,658,234,88,60,174,469,177,151,318,0.9104477611940298,0.8978102189781022,0.8145695364238411,0.8541666666666666,0.9552876004831522,0.9253664486343068,0.0440251572327044,304,14,28,123
assurance_triage,7,validation_selected,0.5500000000000002,0.8702290076335878,966,374,291,675,255,93,70,185,402,154,112,290,0.8930348258706468,0.8876404494382022,0.7053571428571429,0.7860696517412935,0.9606834975369458,0.9098838915974834,0.034482758620689655,280,10,33,79
assurance_triage,7,fixed_0.5,0.5,0.8702290076335878,966,374,291,675,255,93,70,185,402,154,112,290,0.9029850746268657,0.8924731182795699,0.7410714285714286,0.8097560975609757,0.9606834975369458,0.9098838915974834,0.034482758620689655,280,10,29,83
assurance_triage,19,validation_selected,0.7800000000000001,0.9090909090909091,982,374,301,681,239,93,60,179,402,154,112,290,0.8606965174129353,0.9,0.5625,0.6923076923076923,0.9536945812807881,0.8994635784188987,0.02413793103448276,283,7,49,63
assurance_triage,19,fixed_0.5,0.5,0.9090909090909091,982,374,301,681,239,93,60,179,402,154,112,290,0.8955223880597015,0.8804347826086957,0.7232142857142857,0.7941176470588235,0.9536945812807881,0.8994635784188987,0.03793103448275862,279,11,31,81
assurance_triage,31,validation_selected,0.5200000000000001,0.905982905982906,992,374,303,689,229,93,58,171,402,154,112,290,0.8930348258706468,0.8791208791208791,0.7142857142857143,0.7881773399014779,0.954371921182266,0.8919938786604076,0.03793103448275862,279,11,32,80
assurance_triage,31,fixed_0.5,0.5,0.905982905982906,992,374,303,689,229,93,58,171,402,154,112,290,0.8930348258706468,0.8709677419354839,0.7232142857142857,0.7902439024390244,0.954371921182266,0.8919938786604076,0.041379310344827586,278,12,31,81
assurance_triage,43,validation_selected,0.5500000000000002,0.8974358974358975,968,374,281,687,253,93,80,173,402,154,112,290,0.9029850746268657,0.8842105263157894,0.75,0.8115942028985508,0.9581896551724138,0.8969665204209871,0.03793103448275862,279,11,28,84
assurance_triage,43,fixed_0.5,0.5,0.8974358974358975,968,374,281,687,253,93,80,173,402,154,112,290,0.9029850746268657,0.8762886597938144,0.7589285714285714,0.8133971291866029,0.9581896551724138,0.8969665204209871,0.041379310344827586,278,12,27,85
assurance_triage,59,validation_selected,0.4700000000000001,0.8902439024390244,977,374,281,696,244,93,80,164,402,154,112,290,0.9104477611940298,0.88,0.7857142857142857,0.8301886792452831,0.9591440886699507,0.9091046121964068,0.041379310344827586,278,12,24,88
assurance_triage,59,fixed_0.5,0.5,0.8902439024390244,977,374,281,696,244,93,80,164,402,154,112,290,0.9079601990049752,0.8787878787878788,0.7767857142857143,0.8246445497630331,0.9591440886699507,0.9091046121964068,0.041379310344827586,278,12,25,87
edge_mesh,7,validation_selected,0.35000000000000003,0.8846153846153846,1117,402,321,796,231,101,75,156,275,118,77,198,0.9236363636363636,0.7978723404255319,0.974025974025974,0.8771929824561403,0.9851764397218943,0.9635946038134474,0.09595959595959595,179,19,2,75
edge_mesh,7,fixed_0.5,0.5,0.8846153846153846,1117,402,321,796,231,101,75,156,275,118,77,198,0.9490909090909091,0.8795180722891566,0.948051948051948,0.9125,0.9851764397218943,0.9635946038134474,0.050505050505050504,188,10,4,73
edge_mesh,19,validation_selected,0.5800000000000002,0.8840579710144928,1089,402,327,762,259,101,69,190,275,118,77,198,0.9418181818181818,0.9066666666666666,0.8831168831168831,0.8947368421052632,0.9887839433293979,0.974919327953322,0.03535353535353535,191,7,9,68
edge_mesh,19,fixed_0.5,0.5,0.8840579710144928,1089,402,327,762,259,101,69,190,275,118,77,198,0.9418181818181818,0.8765432098765432,0.922077922077922,0.8987341772151899,0.9887839433293979,0.974919327953322,0.050505050505050504,188,10,6,71
edge_mesh,31,validation_selected,0.6100000000000001,0.9012345679012346,1086,402,318,768,262,101,78,184,275,118,77,198,0.9527272727272728,0.9210526315789473,0.9090909090909091,0.9150326797385621,0.9848484848484849,0.963930553066487,0.030303030303030304,192,6,7,70
edge_mesh,31,fixed_0.5,0.5,0.9012345679012346,1086,402,318,768,262,101,78,184,275,118,77,198,0.9418181818181818,0.8765432098765432,0.922077922077922,0.8987341772151899,0.9848484848484849,0.963930553066487,0.050505050505050504,188,10,6,71
edge_mesh,43,validation_selected,0.5800000000000002,0.8823529411764706,1095,402,326,769,253,101,70,183,275,118,77,198,0.9454545454545454,0.9078947368421053,0.8961038961038961,0.9019607843137255,0.9845861209497573,0.9603664547890836,0.03535353535353535,191,7,8,69
edge_mesh,43,fixed_0.5,0.5,0.8823529411764706,1095,402,326,769,253,101,70,183,275,118,77,198,0.9490909090909091,0.8795180722891566,0.948051948051948,0.9125,0.9845861209497573,0.9603664547890836,0.050505050505050504,188,10,4,73
edge_mesh,59,validation_selected,0.44000000000000006,0.9019607843137255,1080,402,319,761,268,101,77,191,275,118,77,198,0.9381818181818182,0.8333333333333334,0.974025974025974,0.8982035928143712,0.9856355765446675,0.9641255203679147,0.07575757575757576,183,15,2,75
edge_mesh,59,fixed_0.5,0.5,0.9019607843137255,1080,402,319,761,268,101,77,191,275,118,77,198,0.9345454545454546,0.8470588235294118,0.935064935064935,0.8888888888888888,0.9856355765446675,0.9641255203679147,0.06565656565656566,185,13,5,72
