Dataset,Seed,Operating Point,Threshold,Validation Best F1,accuracy,precision,recall,f1,roc_auc,pr_auc,fpr,tn,fp,fn,tp
AgentArena,7,Fixed-0.5,0.5,0.9105691056905576,0.9137931034482759,0.8939393939393939,0.8194444444444444,0.855072463768116,0.9620876736111112,0.9160365069566079,0.04375,306,14,26,118
AgentArena,7,Validation-tuned,0.46149036288261414,0.9105691056905576,0.9181034482758621,0.8785714285714286,0.8541666666666666,0.8661971830985915,0.9620876736111112,0.9160365069566079,0.053125,303,17,21,123
AgentArena,19,Fixed-0.5,0.5,0.9090909090904095,0.914396887159533,0.8680555555555556,0.8333333333333334,0.8503401360544217,0.9639010989010989,0.9240284475068979,0.0521978021978022,345,19,25,125
AgentArena,19,Validation-tuned,0.34921419620513916,0.9090909090904095,0.914396887159533,0.8354430379746836,0.88,0.8571428571428571,0.9639010989010989,0.9240284475068979,0.07142857142857142,338,26,18,132
AgentArena,31,Fixed-0.5,0.5,0.8547008547003564,0.9330543933054394,0.8920863309352518,0.8794326241134752,0.8857142857142857,0.9713786644779763,0.9492916881984631,0.04451038575667656,322,15,17,124
AgentArena,31,Validation-tuned,0.7636538147926331,0.8547008547003564,0.9184100418410042,0.9636363636363636,0.75177304964539,0.8446215139442231,0.9713786644779763,0.9492916881984631,0.011869436201780416,333,4,35,106
AgentArena,43,Fixed-0.5,0.5,0.9007633587781262,0.9087301587301587,0.8796992481203008,0.7959183673469388,0.8357142857142857,0.9613178604775242,0.9301749337741495,0.04481792717086835,341,16,30,117
AgentArena,43,Validation-tuned,0.49614593386650085,0.9007633587781262,0.9107142857142857,0.8805970149253731,0.8027210884353742,0.8398576512455516,0.9613178604775242,0.9301749337741495,0.04481792717086835,341,16,29,118
AgentArena,59,Fixed-0.5,0.5,0.8888888888883889,0.9270833333333334,0.8581560283687943,0.8897058823529411,0.8736462093862816,0.9681301299589604,0.9219912550178109,0.05813953488372093,324,20,15,121
AgentArena,59,Validation-tuned,0.5530958771705627,0.8888888888883889,0.925,0.8676470588235294,0.8676470588235294,0.8676470588235294,0.9681301299589604,0.9219912550178109,0.05232558139534884,326,18,18,118
