Seed,Propagation Style,Detector,N,Recall,Mean Score
7,Direct / near-verbatim,WormShield,75,0.9066666666666666,0.8354002833366394
7,Direct / near-verbatim,DonkeyRail (LR),75,1.0,0.6894083859345455
7,Paraphrased / reformulated,WormShield,35,0.7428571428571429,0.7170023322105408
7,Paraphrased / reformulated,DonkeyRail (LR),35,0.45714285714285713,0.294364774487659
7,Summarized,WormShield,13,0.9230769230769231,0.8447027802467346
7,Summarized,DonkeyRail (LR),13,0.46153846153846156,0.2382546768783927
7,Structured partial,WormShield,21,0.8095238095238095,0.6371024250984192
7,Structured partial,DonkeyRail (LR),21,0.38095238095238093,0.3809037361527691
19,Direct / near-verbatim,WormShield,74,0.9459459459459459,0.8847724199295044
19,Direct / near-verbatim,DonkeyRail (LR),74,1.0,0.7908144956633071
19,Paraphrased / reformulated,WormShield,38,0.8421052631578947,0.7633275985717773
19,Paraphrased / reformulated,DonkeyRail (LR),38,0.34210526315789475,0.5013392091563498
19,Summarized,WormShield,22,0.9545454545454546,0.8333137035369873
19,Summarized,DonkeyRail (LR),22,0.045454545454545456,0.26476947025966635
19,Structured partial,WormShield,16,0.5625,0.4053770899772644
19,Structured partial,DonkeyRail (LR),16,0.3125,0.4217017883574021
31,Direct / near-verbatim,WormShield,70,0.8,0.8565740585327148
31,Direct / near-verbatim,DonkeyRail (LR),70,1.0,0.7403792650992809
31,Paraphrased / reformulated,WormShield,38,0.7368421052631579,0.7793379426002502
31,Paraphrased / reformulated,DonkeyRail (LR),38,0.5526315789473685,0.3753452649894058
31,Summarized,WormShield,22,0.8181818181818182,0.8343629837036133
31,Summarized,DonkeyRail (LR),22,0.4090909090909091,0.30764755557947904
31,Structured partial,WormShield,11,0.36363636363636365,0.6924121975898743
31,Structured partial,DonkeyRail (LR),11,0.45454545454545453,0.4458283382142117
43,Direct / near-verbatim,WormShield,67,0.8656716417910447,0.845632791519165
43,Direct / near-verbatim,DonkeyRail (LR),67,1.0,0.6214464524094898
43,Paraphrased / reformulated,WormShield,50,0.78,0.7373594045639038
43,Paraphrased / reformulated,DonkeyRail (LR),50,0.66,0.2901754062993202
43,Summarized,WormShield,17,0.8235294117647058,0.816409170627594
43,Summarized,DonkeyRail (LR),17,0.5882352941176471,0.24979164719403932
43,Structured partial,WormShield,13,0.5384615384615384,0.5849165320396423
43,Structured partial,DonkeyRail (LR),13,0.46153846153846156,0.32321638994243757
59,Direct / near-verbatim,WormShield,57,0.9473684210526315,0.8963779211044312
59,Direct / near-verbatim,DonkeyRail (LR),57,1.0,0.7794411572470167
59,Paraphrased / reformulated,WormShield,41,0.8048780487804879,0.7581374049186707
59,Paraphrased / reformulated,DonkeyRail (LR),41,0.6829268292682927,0.447484333401435
59,Summarized,WormShield,23,0.9565217391304348,0.859697699546814
59,Summarized,DonkeyRail (LR),23,0.6521739130434783,0.31002662046931495
59,Structured partial,WormShield,15,0.6,0.5778248906135559
59,Structured partial,DonkeyRail (LR),15,0.5333333333333333,0.38471279410029197
